user_id,register_date,unregister_date,last_login_date,subscription_date,unsubscription_date,account_type
2ZU3WV5T,2023-02-28,,2023-09-05 00:00:00.000000,2023-07-26,,FREE
RPMXZWAY,2023-05-11,,2023-11-17 02:58:44.431338,2023-11-07,,FREE
GBH2PVAP,2023-10-18,,2023-11-01 00:00:00.000000,,,FREE
6NNMD69I,2023-12-06,,2023-10-28 02:58:44.431338,2023-12-11,,PREMIUM
J6B8YPNN,2023-05-18,,2023-05-29 00:00:00.000000,2023-07-21,2023-10-26,PREMIUM
5ESF6PC5,2023-07-28,,2023-12-02 02:58:44.431338,,,FREE
L7YLOP0C,2023-03-04,,2023-09-01 00:00:00.000000,2023-03-23,2023-07-28,PREMIUM
ZX4MSG4H,2023-05-27,,2023-07-25 00:00:00.000000,2023-09-18,,PREMIUM
QNPNWYIM,2023-03-31,,2023-10-29 02:58:44.431338,2023-05-17,,FREE
165JFU20,2023-02-16,,2023-11-27 02:58:44.431338,,,PREMIUM
64XOZS4S,2023-09-19,,2023-11-29 00:00:00.000000,,,PREMIUM
4F7AYBFQ,2023-07-26,,2023-12-05 00:00:00.000000,,,FREE
5GTG7J3Y,2023-01-25,,2023-11-14 02:58:44.431338,2023-02-25,,FREE
E8XR53IS,2023-07-02,,2023-10-26 02:58:44.431338,2023-07-18,2023-11-28,FREE
JHKZMPR1,2023-04-14,,2023-11-18 02:58:44.431338,2023-04-26,,FREE
PPK46V3I,2023-08-10,,2023-10-15 00:00:00.000000,2023-11-09,,FREE
E84WPREE,2023-04-05,,2023-11-17 02:58:44.431338,2023-09-26,,PREMIUM
J3N6ZFOF,2023-12-05,,2023-12-07 02:58:44.431338,,,FREE
Y9ZKHI5D,2023-01-26,,2023-11-10 00:00:00.000000,2023-11-08,,PREMIUM
8X2K3NOD,2023-09-03,,2023-10-22 02:58:44.431338,,,FREE
GE9KNBHH,2023-08-30,,2023-11-21 02:58:44.431338,,,FREE
9OAPDAQP,2023-01-20,,2023-10-20 02:58:44.431338,,,FREE
CJ36V00V,2023-08-24,,2023-10-12 00:00:00.000000,2023-10-25,,FREE
4UOXF3VF,2023-12-04,,2023-12-11 00:00:00.000000,,,PREMIUM
HUHOIP4C,2023-04-11,,2023-09-03 00:00:00.000000,2023-06-28,,FREE
4F8ANMZZ,2023-10-20,,2023-12-12 00:00:00.000000,2023-11-06,,FREE
PK82BQ0L,2023-05-12,,2023-10-22 02:58:44.431338,2023-10-23,,FREE
ZE2YG8NY,2023-11-28,,2023-12-06 00:00:00.000000,2023-12-09,,PREMIUM
H4R9HA2T,2023-05-30,,2023-10-29 02:58:44.431338,2023-10-17,,FREE
PQPXST99,2023-03-12,,2023-10-27 00:00:00.000000,,,PREMIUM
CX6ARE44,2023-01-03,,2023-10-26 02:58:44.431338,2023-07-26,2023-10-26,FREE
ITBAN5G4,2023-08-25,,2023-11-13 02:58:44.431338,,,FREE
BEOC0UFR,2023-08-17,,2023-10-27 00:00:00.000000,2023-12-03,,FREE
NA8GMUND,2023-02-21,,2023-04-28 00:00:00.000000,2023-11-25,,FREE
VPJ3BN72,2023-09-08,,2023-11-04 02:58:44.431338,,,FREE
3QYLSHXA,2023-04-08,,2023-10-17 02:58:44.431338,2023-10-04,,FREE
4SBR7CRH,2023-09-17,,2023-11-25 00:00:00.000000,,,PREMIUM
8ZTUOP1C,2023-07-11,,2023-11-03 00:00:00.000000,,,FREE
3L14HFC8,2023-08-01,,2023-11-09 00:00:00.000000,,,PREMIUM
0BX7ULB7,2023-04-07,2023-11-13,2023-04-17 00:00:00.000000,2023-05-16,,FREE
VZJKVVI4,2023-11-14,2023-12-11,2023-12-04 00:00:00.000000,2023-12-01,,PREMIUM
HSLEOC43,2023-12-05,,2023-11-17 02:58:44.431338,2023-12-09,,FREE
S5DFC62T,2023-11-10,,2023-10-25 02:58:44.431338,,,FREE
9R104WAG,2023-08-01,,2023-11-07 02:58:44.431338,2023-10-31,,FREE
I1F5YLW8,2023-06-22,,2023-12-02 02:58:44.431338,2023-06-28,,FREE
HTVYMM1E,2023-07-29,,2023-10-22 02:58:44.431338,2023-08-08,,FREE
V5128WP4,2023-10-21,2023-11-15,2023-11-12 00:00:00.000000,2023-10-31,,FREE
BYN3E63A,2023-06-11,,2023-11-14 02:58:44.431338,,,FREE
UZGTRINA,2023-02-02,,2023-12-09 02:58:44.431338,,,PREMIUM
Y6WBNF6V,2023-05-02,,2023-11-17 02:58:44.431338,2023-09-01,2023-12-08,PREMIUM
AOA8MX98,2023-02-18,,2023-12-04 02:58:44.431338,,,PREMIUM
REW9S068,2023-01-20,,2023-06-21 00:00:00.000000,,,FREE
JR02E5XT,2023-03-29,,2023-12-08 02:58:44.431338,2023-10-23,,FREE
WE64X6E2,2023-02-22,,2023-10-08 00:00:00.000000,2023-11-03,,FREE
ZFR0ALNM,2023-07-04,,2023-11-22 02:58:44.431338,2023-11-27,,FREE
SN79DM14,2023-07-30,,2023-11-23 02:58:44.431338,2023-08-03,,FREE
JQ5HJYQY,2023-12-03,2023-12-11,2023-12-04 00:00:00.000000,2023-12-06,,FREE
LT991O73,2023-09-23,,2023-11-05 02:58:44.431338,2023-10-07,,PREMIUM
B4O7L3WB,2023-08-15,,2023-11-26 02:58:44.431338,2023-08-30,,FREE
ADHIZ5LL,2023-01-28,,2023-12-03 02:58:44.431338,2023-07-18,,FREE
TN4J0UX5,2023-05-27,,2023-10-31 02:58:44.431338,,,ENTERPRISE
00LC4WBL,2023-05-19,,2023-06-26 00:00:00.000000,2023-08-27,,FREE
1MTPTTEQ,2023-09-13,,2023-11-22 00:00:00.000000,2023-10-19,,FREE
U9VOMABJ,2023-03-17,,2023-10-23 02:58:44.431338,2023-05-07,2023-09-07,ENTERPRISE
3L3GQM5V,2023-03-23,,2023-10-14 00:00:00.000000,2023-10-20,,PREMIUM
2FGHWCHH,2023-07-02,,2023-10-18 00:00:00.000000,2023-09-21,,FREE
70OQ80PY,2023-11-28,,2023-11-20 02:58:44.431338,,,PREMIUM
ENHRM1KZ,2023-09-07,,2023-09-23 00:00:00.000000,2023-10-04,,FREE
4PQSATNL,2023-03-03,2023-12-10,2023-10-06 00:00:00.000000,2023-03-27,,PREMIUM
QTYNJ2B5,2023-07-01,,2023-10-25 02:58:44.431338,,,FREE
57762ZJ0,2023-01-19,,2023-11-21 02:58:44.431338,,,FREE
YYP1HM9I,2023-04-13,,2023-11-12 00:00:00.000000,2023-06-05,,FREE
9BQTC2EQ,2023-11-15,,2023-11-20 00:00:00.000000,,,PREMIUM
O67D48HK,2023-10-09,,2023-10-20 02:58:44.431338,2023-10-14,,FREE
F4OPHJ4X,2023-07-06,,2023-12-11 02:58:44.431338,,,FREE
PWSO05N8,2023-04-28,,2023-06-10 00:00:00.000000,2023-09-06,,FREE
GZAF13IM,2023-11-22,,2023-12-08 00:00:00.000000,,,PREMIUM
8325GY0T,2023-12-01,2023-12-12,2023-12-02 00:00:00.000000,2023-12-08,,FREE
NCTDR90W,2023-11-19,,2023-11-24 00:00:00.000000,2023-11-30,,FREE
9LE755U8,2023-02-16,,2023-05-03 00:00:00.000000,,,FREE
P6EL8U09,2023-05-10,,2023-09-04 00:00:00.000000,2023-07-17,,PREMIUM
C9WRHA3P,2023-03-24,,2023-04-28 00:00:00.000000,,,FREE
IYS4F9T9,2023-09-30,,2023-10-12 00:00:00.000000,,,FREE
SKOKSAL6,2023-01-03,2023-03-03,2023-02-28 00:00:00.000000,2023-01-19,,FREE
WK500W7H,2023-02-23,2023-07-26,2023-04-19 00:00:00.000000,2023-05-22,,FREE
NH6R0D1P,2023-11-12,,2023-10-19 02:58:44.431338,2023-11-23,,ENTERPRISE
GBTOB3WY,2023-09-30,2023-11-06,2023-10-06 00:00:00.000000,,,FREE
GUWF4LQD,2023-10-07,,2023-12-04 02:58:44.431338,,,FREE
38T0QVXP,2023-03-03,,2023-06-08 00:00:00.000000,2023-04-26,2023-05-08,FREE
2SEBVZ7H,2023-09-15,2023-10-04,2023-09-18 00:00:00.000000,2023-09-16,,ENTERPRISE
85X54Z2D,2023-05-19,2023-11-14,2023-08-25 00:00:00.000000,,,PREMIUM
BXOHJU3Z,2023-02-03,,2023-12-06 02:58:44.431338,,,ENTERPRISE
5H3NMBIM,2023-08-19,,2023-12-12 00:00:00.000000,,,PREMIUM
51T0CBOL,2023-06-04,,2023-12-13 02:58:44.431338,2023-08-26,,FREE
NJCG3CLY,2023-03-02,,2023-07-08 00:00:00.000000,2023-10-07,2023-12-07,FREE
K2DV5WNC,2023-02-08,,2023-10-08 00:00:00.000000,2023-10-29,,FREE
GCKNJ594,2023-01-01,,2023-12-13 02:58:44.431338,2023-07-31,,PREMIUM
IFRTVJ74,2023-01-09,2023-03-16,2023-03-11 00:00:00.000000,2023-03-07,,PREMIUM
1V7SXP5P,2023-03-02,,2023-12-01 02:58:44.431338,2023-05-17,,ENTERPRISE
56GTQAAV,2023-11-02,,2023-12-13 02:58:44.431338,,,ENTERPRISE
1H1KGPT8,2023-05-10,,2023-11-09 02:58:44.431338,2023-08-03,2023-09-30,FREE
WDDQLSH8,2023-09-02,,2023-10-14 02:58:44.431338,2023-11-16,,PREMIUM
7Y1PA9FA,2023-10-05,,2023-10-06 00:00:00.000000,2023-12-12,,PREMIUM
M219TYO8,2023-04-25,,2023-10-16 02:58:44.431338,2023-11-08,,FREE
ISPNXS28,2023-09-27,,2023-12-07 02:58:44.431338,2023-11-19,,PREMIUM
0YB0MR63,2023-04-26,,2023-11-10 02:58:44.431338,2023-07-30,,PREMIUM
WOTS90MC,2023-07-16,2023-09-20,2023-09-17 00:00:00.000000,2023-08-11,2023-08-16,PREMIUM
WHKZVU4U,2023-04-18,,2023-06-12 00:00:00.000000,2023-10-07,,PREMIUM
JB408Q9M,2023-11-16,,2023-12-09 02:58:44.431338,2023-11-25,2023-11-25,FREE
8MEPV5S9,2023-09-07,,2023-12-08 00:00:00.000000,,,ENTERPRISE
5A07JKIH,2023-09-05,,2023-09-08 00:00:00.000000,2023-10-10,2023-11-21,FREE
D72ILVQJ,2023-09-02,,2023-10-16 02:58:44.431338,2023-09-22,,PREMIUM
7D44QRRH,2023-12-05,,2023-12-07 00:00:00.000000,2023-12-06,,FREE
TDK1ICF2,2023-05-16,,2023-10-23 00:00:00.000000,,,FREE
F4YF8F0T,2023-05-01,,2023-11-02 02:58:44.431338,2023-07-09,,FREE
FOSERK67,2023-07-19,,2023-11-03 02:58:44.431338,2023-10-17,,FREE
YQLE2UB1,2023-11-07,,2023-10-27 02:58:44.431338,2023-11-18,,PREMIUM
FTIQF1MJ,2023-04-10,,2023-07-14 00:00:00.000000,2023-11-19,2023-11-23,FREE
F1ZH4TGX,2023-10-18,,2023-10-28 02:58:44.431338,,,FREE
36GV2RQ3,2023-09-30,,2023-12-07 02:58:44.431338,,,FREE
H2Z3USS0,2023-03-07,,2023-11-13 00:00:00.000000,2023-06-09,,FREE
ES4AVQKV,2023-08-06,,2023-12-09 00:00:00.000000,2023-09-20,,FREE
S90BLMQ0,2023-09-19,,2023-11-28 02:58:44.431338,2023-09-28,,FREE
S6ALCA5V,2023-03-13,2023-06-14,2023-03-23 00:00:00.000000,,,FREE
1G5BSF6D,2023-11-12,,2023-11-24 00:00:00.000000,,,ENTERPRISE
STQCXEEV,2023-12-10,,2023-12-10 00:00:00.000000,2023-12-12,,FREE
H7F2PPFU,2023-04-10,,2023-12-08 02:58:44.431338,2023-08-01,,FREE
D1HT1YO6,2023-04-07,,2023-10-15 02:58:44.431338,,,FREE
BIRENZHS,2023-08-07,,2023-12-08 02:58:44.431338,,,FREE
6HE0EA0C,2023-10-20,,2023-11-23 00:00:00.000000,2023-11-27,,FREE
SDC6NOUY,2023-10-14,,2023-10-15 00:00:00.000000,,,FREE
B44FT7PF,2023-10-07,,2023-10-30 02:58:44.431338,2023-12-13,2023-12-13,FREE
ARA7B1QO,2023-07-01,,2023-10-16 02:58:44.431338,2023-07-20,,ENTERPRISE
PCS4LIIR,2023-02-20,,2023-10-30 02:58:44.431338,2023-08-06,2023-09-21,FREE
QQI4938H,2023-11-06,2023-11-09,2023-11-07 00:00:00.000000,,,PREMIUM
R31L5XXE,2023-02-28,,2023-03-24 00:00:00.000000,2023-03-05,,FREE
5Q9JG8XZ,2023-10-13,,2023-11-12 00:00:00.000000,2023-12-13,,FREE
EHOI4448,2023-07-02,,2023-11-08 00:00:00.000000,2023-09-09,,FREE
UXJFAXM4,2023-02-03,,2023-11-12 02:58:44.431338,2023-10-27,,FREE
TOJWBUK5,2023-09-07,,2023-10-04 00:00:00.000000,2023-12-11,,FREE
FKVQ1PSB,2023-02-15,,2023-10-15 02:58:44.431338,2023-08-13,,FREE
T9G5OBND,2023-06-19,,2023-10-28 00:00:00.000000,2023-10-07,,FREE
76Y7U1O5,2023-06-29,,2023-07-20 00:00:00.000000,,,FREE
7FK3KC93,2023-07-04,,2023-07-21 00:00:00.000000,2023-10-06,,PREMIUM
NVYC7B2T,2023-06-21,,2023-11-03 02:58:44.431338,,,FREE
Q8OH7EH4,2023-05-22,,2023-12-10 02:58:44.431338,2023-07-09,,PREMIUM
YNCLKR2D,2023-06-18,,2023-07-02 00:00:00.000000,,,ENTERPRISE
EZQPHJEG,2023-10-12,,2023-11-17 00:00:00.000000,2023-11-05,,FREE
Z5J6H1WE,2023-09-23,,2023-11-08 00:00:00.000000,2023-09-26,2023-09-30,FREE
82OTOJ6N,2023-02-15,,2023-11-03 02:58:44.431338,,,FREE
5TEHYHOH,2023-11-13,,2023-11-13 00:00:00.000000,2023-11-18,,FREE
9WAUESDD,2023-07-14,,2023-11-30 02:58:44.431338,2023-09-15,,FREE
J4S96NU1,2023-04-09,,2023-10-16 02:58:44.431338,2023-09-25,,FREE
UCCBJHCZ,2023-08-05,,2023-10-24 02:58:44.431338,2023-09-03,,PREMIUM
YIL3IE3U,2023-05-17,,2023-05-23 00:00:00.000000,,,FREE
O34Y1VSZ,2023-08-14,,2023-09-30 00:00:00.000000,2023-10-17,2023-11-22,PREMIUM
OOKGN03S,2023-10-04,,2023-11-26 02:58:44.431338,,,ENTERPRISE
KGCI5AZN,2023-06-30,2023-11-29,2023-08-04 00:00:00.000000,2023-11-11,,FREE
JVX82ANH,2023-09-12,,2023-10-05 00:00:00.000000,2023-11-27,,FREE
QMX23ON3,2023-05-07,,2023-11-12 02:58:44.431338,2023-06-23,,FREE
QQX480PL,2023-07-15,,2023-10-29 02:58:44.431338,,,PREMIUM
DZ2PV3RR,2023-11-02,2023-11-26,2023-11-26 00:00:00.000000,,,ENTERPRISE
OD3JC0TQ,2023-09-03,,2023-11-08 00:00:00.000000,2023-09-24,,PREMIUM
BTOHNM3B,2023-09-03,,2023-11-07 02:58:44.431338,2023-12-04,,PREMIUM
MJRMK75C,2023-02-19,,2023-11-07 02:58:44.431338,,,FREE
VTV5SSJJ,2023-08-06,,2023-10-20 02:58:44.431338,2023-10-10,,PREMIUM
2BOB3RPB,2023-04-24,,2023-04-28 00:00:00.000000,2023-11-20,,ENTERPRISE
8NN9YHAP,2023-05-14,,2023-07-16 00:00:00.000000,2023-06-08,,ENTERPRISE
15FHUKW4,2023-12-05,,2023-12-08 02:58:44.431338,,,FREE
S251Y58W,2023-02-09,,2023-12-06 02:58:44.431338,2023-04-11,2023-05-04,PREMIUM
8DOIJ6G2,2023-03-16,2023-12-04,2023-06-02 00:00:00.000000,2023-09-21,,FREE
R75DMUBQ,2023-04-04,,2023-12-08 00:00:00.000000,2023-04-25,,FREE
PCJA2625,2023-10-02,,2023-12-02 00:00:00.000000,2023-12-06,,PREMIUM
0T2RHZW0,2023-11-28,,2023-12-13 00:00:00.000000,2023-11-28,,FREE
OYG0MI5V,2023-06-27,,2023-11-30 02:58:44.431338,2023-11-09,,FREE
IUAUZJEU,2023-08-02,,2023-10-21 00:00:00.000000,,,PREMIUM
1ZN25B6O,2023-05-01,,2023-11-04 02:58:44.431338,,,PREMIUM
07INL627,2023-10-13,,2023-11-16 02:58:44.431338,2023-11-01,,FREE
6035UIF3,2023-11-07,,2023-11-11 00:00:00.000000,2023-12-03,,PREMIUM
WQX8NRLX,2023-10-04,,2023-11-30 00:00:00.000000,2023-11-24,2023-12-06,PREMIUM
GYAT0NNW,2023-07-27,,2023-08-22 00:00:00.000000,,,FREE
SW33QKIV,2023-10-02,2023-11-06,2023-10-27 00:00:00.000000,2023-10-25,2023-11-04,FREE
6L89HOF3,2023-08-27,,2023-12-09 02:58:44.431338,,,PREMIUM
2PETU6HA,2023-10-07,,2023-11-03 02:58:44.431338,,,PREMIUM
RJ57NTXB,2023-10-26,,2023-12-08 02:58:44.431338,2023-10-30,,FREE
XJUPGUQG,2023-11-15,,2023-11-20 00:00:00.000000,2023-11-16,,FREE
P6MY6JXJ,2023-04-10,,2023-12-05 02:58:44.431338,,,PREMIUM
MIH938YJ,2023-10-08,,2023-12-03 02:58:44.431338,2023-12-11,,FREE
QIK81TFR,2023-08-12,,2023-09-21 00:00:00.000000,2023-11-23,2023-12-06,FREE
XJKJNDTH,2023-01-16,,2023-10-20 02:58:44.431338,2023-03-21,,PREMIUM
12COMFZ6,2023-09-16,,2023-10-25 02:58:44.431338,2023-11-12,,FREE
3X8TEXNE,2023-03-24,,2023-12-02 00:00:00.000000,2023-04-11,,PREMIUM
H92G8KDZ,2023-06-05,2023-10-22,2023-06-21 00:00:00.000000,2023-09-06,,ENTERPRISE
Q99EVJDT,2023-09-30,,2023-11-24 00:00:00.000000,2023-10-01,,ENTERPRISE
J1SUMWZU,2023-02-05,,2023-11-03 02:58:44.431338,,,FREE
F9OLSL4O,2023-08-07,,2023-11-08 02:58:44.431338,2023-12-13,,ENTERPRISE
GSH2U4U2,2023-07-31,,2023-08-14 00:00:00.000000,2023-11-22,2023-12-06,ENTERPRISE
EFXS1819,2023-10-01,,2023-11-28 02:58:44.431338,2023-10-26,,FREE
9ML762UL,2023-05-25,,2023-05-25 00:00:00.000000,,,FREE
L8WY1QR3,2023-06-05,,2023-11-21 02:58:44.431338,,,FREE
OH5A9XUN,2023-10-01,,2023-11-01 02:58:44.431338,,,ENTERPRISE
8CH2SVBN,2023-09-09,,2023-11-20 02:58:44.431338,,,FREE
OWCILMU2,2023-03-17,,2023-10-15 02:58:44.431338,2023-12-13,,FREE
WOA2W4N5,2023-08-03,,2023-09-07 00:00:00.000000,,,FREE
6QPD1M3W,2023-05-16,,2023-11-06 00:00:00.000000,,,PREMIUM
0NPPEIEN,2023-03-07,,2023-06-21 00:00:00.000000,2023-04-23,,FREE
8L27NMOF,2023-01-09,,2023-03-18 00:00:00.000000,,,FREE
57C1ZOH4,2023-03-05,,2023-09-06 00:00:00.000000,2023-07-30,2023-11-28,FREE
D4XULD51,2023-06-20,,2023-11-05 02:58:44.431338,,,FREE
EJLN4256,2023-01-05,,2023-11-29 02:58:44.431338,,,FREE
YZIAHJA1,2023-04-04,,2023-11-05 02:58:44.431338,,,FREE
9QN8JBTS,2023-07-06,,2023-11-06 02:58:44.431338,2023-09-24,,FREE
08N7KGYI,2023-06-16,,2023-11-03 00:00:00.000000,,,PREMIUM
1EZZWIT6,2023-02-21,,2023-09-28 00:00:00.000000,2023-06-10,,FREE
WMD9JCRI,2023-08-11,,2023-11-29 00:00:00.000000,2023-09-24,2023-10-09,PREMIUM
JV1A2J7F,2023-11-13,,2023-11-11 02:58:44.431338,,,PREMIUM
8MEWSJP3,2023-10-31,,2023-11-24 00:00:00.000000,2023-12-01,,FREE
AWTBQM03,2023-04-27,,2023-11-21 02:58:44.431338,,,FREE
U6CHW52W,2023-08-12,,2023-09-27 00:00:00.000000,,,ENTERPRISE
3UDN73WV,2023-02-26,,2023-11-27 02:58:44.431338,2023-06-09,,FREE
UYM7L8RQ,2023-04-02,,2023-05-09 00:00:00.000000,2023-07-24,,PREMIUM
N7Y4KHXK,2023-06-03,,2023-12-12 00:00:00.000000,2023-08-18,,FREE
EAU0YK35,2023-09-03,,2023-10-04 00:00:00.000000,2023-09-22,,ENTERPRISE
UMU3VUQR,2023-08-07,,2023-11-25 00:00:00.000000,,,FREE
RMJU7ND3,2023-04-15,,2023-08-24 00:00:00.000000,2023-06-03,,FREE
7XTIRAM7,2023-10-04,,2023-10-09 00:00:00.000000,2023-10-07,2023-10-27,PREMIUM
MEFAWKJ2,2023-07-16,,2023-11-08 02:58:44.431338,2023-12-02,,PREMIUM
HQKQPY0Z,2023-02-04,,2023-11-30 02:58:44.431338,2023-04-20,,FREE
MXU6SAY5,2023-01-06,,2023-11-16 02:58:44.431338,,,ENTERPRISE
ECN9NXY4,2023-06-18,,2023-06-21 00:00:00.000000,2023-06-21,,FREE
I7VZ4N9R,2023-10-06,,2023-11-19 00:00:00.000000,2023-11-28,,FREE
F2KS6WZ5,2023-07-26,,2023-11-04 02:58:44.431338,2023-11-16,,FREE
XQU4T5QE,2023-04-25,,2023-06-19 00:00:00.000000,,,FREE
MV9X7SU8,2023-10-26,,2023-10-31 00:00:00.000000,2023-10-31,,FREE
RL2K9B8F,2023-01-19,2023-06-21,2023-03-30 00:00:00.000000,2023-01-31,,ENTERPRISE
W9TB7OWR,2023-08-18,2023-11-28,2023-09-29 00:00:00.000000,2023-11-17,2023-11-18,FREE
ZAR6WOH1,2023-10-01,2023-11-18,2023-11-09 00:00:00.000000,,,FREE
R0XIT7D2,2023-06-12,2023-10-28,2023-10-02 00:00:00.000000,2023-08-31,,FREE
8FE3KWSU,2023-12-02,,2023-12-02 00:00:00.000000,2023-12-07,,PREMIUM
WKG9V0JP,2023-04-06,,2023-08-16 00:00:00.000000,,,FREE
NS7DS4VG,2023-07-20,2023-08-22,2023-08-09 00:00:00.000000,2023-07-29,,ENTERPRISE
8K5XDB3P,2023-11-29,,2023-12-12 00:00:00.000000,,,FREE
679D6FVQ,2023-07-05,,2023-10-17 02:58:44.431338,,,FREE
N4H606X9,2023-11-14,,2023-11-20 00:00:00.000000,2023-12-10,2023-12-12,FREE
3Q6UK4KX,2023-11-15,,2023-12-08 00:00:00.000000,2023-11-28,2023-12-04,FREE
VC4S7K01,2023-10-17,2023-11-04,2023-10-18 00:00:00.000000,2023-10-25,,PREMIUM
1LPT36K2,2023-04-21,,2023-11-01 02:58:44.431338,,,PREMIUM
ILJAR0BC,2023-12-11,,2023-12-13 00:00:00.000000,2023-12-13,,FREE
6RVJ31FN,2023-07-20,,2023-11-20 00:00:00.000000,,,FREE
NMBPHJMO,2023-06-17,,2023-09-19 00:00:00.000000,2023-07-10,,ENTERPRISE
5237E8AF,2023-07-29,,2023-10-27 00:00:00.000000,,,ENTERPRISE
4V2YUXPF,2023-01-17,,2023-12-12 02:58:44.431338,2023-06-12,,FREE
QU23URLD,2023-09-08,,2023-09-27 00:00:00.000000,,,FREE
624P4QVU,2023-10-27,2023-10-29,2023-10-29 00:00:00.000000,2023-10-27,,PREMIUM
3D8O9TBK,2023-07-01,,2023-12-04 00:00:00.000000,2023-11-26,,FREE
Z8ZA7B9E,2023-09-04,,2023-12-09 00:00:00.000000,2023-12-12,2023-12-13,PREMIUM
M8TMCE6W,2023-03-14,,2023-07-09 00:00:00.000000,,,FREE
207D8XCV,2023-01-06,,2023-12-05 02:58:44.431338,2023-06-18,2023-08-06,FREE
EMPRJG8L,2023-03-05,,2023-11-28 02:58:44.431338,2023-09-13,2023-09-30,FREE
WW2F5G3E,2023-02-03,2023-11-02,2023-06-12 00:00:00.000000,2023-10-21,,FREE
3Q6D0Q1K,2023-06-15,,2023-10-28 02:58:44.431338,,,FREE
SVMHI6FF,2023-10-11,,2023-11-17 00:00:00.000000,,,PREMIUM
IX0UZM0U,2023-06-02,,2023-09-28 00:00:00.000000,,,ENTERPRISE
IDYJ0IJI,2023-06-24,,2023-08-08 00:00:00.000000,,,FREE
G5UEDE09,2023-09-07,,2023-10-22 02:58:44.431338,2023-09-30,,ENTERPRISE
63I1HSVR,2023-12-11,,2023-10-25 02:58:44.431338,2023-12-11,,FREE
89W2IAOB,2023-04-12,,2023-12-01 00:00:00.000000,2023-11-02,2023-11-02,PREMIUM
D8Y5WSVB,2023-03-25,,2023-11-16 02:58:44.431338,,,FREE
F58T5XJ4,2023-08-16,,2023-11-02 02:58:44.431338,,,PREMIUM
U0B2R0EZ,2023-06-12,,2023-11-05 02:58:44.431338,,,FREE
FTSVIRFR,2023-05-27,,2023-10-24 02:58:44.431338,2023-11-19,,FREE
JFR56WRY,2023-02-02,,2023-05-16 00:00:00.000000,2023-10-26,2023-11-20,FREE
ALCB3CJT,2023-08-20,,2023-09-02 00:00:00.000000,,,FREE
8QT1ANWM,2023-04-18,,2023-10-19 02:58:44.431338,,,ENTERPRISE
ZEX5CEG8,2023-05-07,,2023-09-28 00:00:00.000000,2023-07-10,,ENTERPRISE
WH4KLE34,2023-12-04,,2023-12-13 00:00:00.000000,,,PREMIUM
PT40RJWB,2023-01-04,,2023-11-05 00:00:00.000000,2023-07-21,,PREMIUM
ZSF6J5AX,2023-09-10,2023-10-18,2023-10-09 00:00:00.000000,2023-09-26,,FREE
UDSAYLKP,2023-07-19,,2023-12-12 02:58:44.431338,2023-08-18,2023-09-11,PREMIUM
1R0CATSH,2023-03-17,,2023-11-02 02:58:44.431338,2023-10-01,,FREE
MYVGVZG9,2023-10-17,,2023-11-09 00:00:00.000000,2023-10-24,,PREMIUM
GD3XEWK2,2023-08-13,,2023-11-01 02:58:44.431338,2023-08-24,,FREE
EM1BITHQ,2023-07-29,,2023-11-19 02:58:44.431338,,,ENTERPRISE
VSX1NCNK,2023-05-14,,2023-11-02 00:00:00.000000,2023-08-10,2023-09-25,FREE
VC9U2O84,2023-02-03,,2023-11-05 02:58:44.431338,2023-04-27,,FREE
4RQ41IPG,2023-05-24,,2023-12-02 00:00:00.000000,2023-09-23,2023-11-03,PREMIUM
FX3IH44Y,2023-02-18,,2023-03-05 00:00:00.000000,2023-06-08,,FREE
FXEW7TZ9,2023-03-20,,2023-09-30 00:00:00.000000,2023-09-07,,ENTERPRISE
GCIVRBH9,2023-06-09,,2023-11-18 02:58:44.431338,,,PREMIUM
V1FAKZ9C,2023-03-09,,2023-03-24 00:00:00.000000,,,PREMIUM
RF832PDA,2023-01-23,,2023-05-19 00:00:00.000000,2023-11-18,2023-11-22,FREE
LTEPBKC1,2023-04-08,,2023-07-16 00:00:00.000000,2023-07-17,,FREE
T1R7XOBQ,2023-03-30,,2023-10-26 02:58:44.431338,2023-05-04,2023-10-25,FREE
CHZVXTI8,2023-01-30,,2023-12-09 02:58:44.431338,2023-06-16,,FREE
3HRQ3MA2,2023-03-13,,2023-10-23 02:58:44.431338,2023-07-05,2023-10-20,FREE
IGU3GINX,2023-02-25,,2023-11-30 02:58:44.431338,2023-06-08,,FREE
THIDR5C7,2023-06-14,,2023-11-10 00:00:00.000000,2023-09-23,,FREE
9H9QKZ7U,2023-04-12,,2023-10-20 02:58:44.431338,2023-08-24,,PREMIUM
VX0O15NH,2023-03-18,,2023-10-13 00:00:00.000000,,,PREMIUM
EBGM5HOI,2023-08-15,,2023-11-08 00:00:00.000000,,,ENTERPRISE
EY303WAD,2023-07-29,,2023-09-05 00:00:00.000000,2023-07-31,,FREE
JONUW4M5,2023-11-29,,2023-11-09 02:58:44.431338,,,FREE
4Y7KH65L,2023-05-08,,2023-09-11 00:00:00.000000,2023-06-23,,FREE
KFFCYDN0,2023-07-18,,2023-09-20 00:00:00.000000,2023-11-12,,PREMIUM
KDQTABCH,2023-05-25,,2023-07-02 00:00:00.000000,2023-08-16,,FREE
742WAVKT,2023-01-30,,2023-12-03 02:58:44.431338,,,FREE
3AAUUN7U,2023-03-22,,2023-11-24 02:58:44.431338,2023-07-25,2023-12-12,FREE
2HZPYIDE,2023-04-06,,2023-10-25 02:58:44.431338,2023-11-27,2023-12-11,PREMIUM
9VJMTNP7,2023-09-16,,2023-12-02 02:58:44.431338,,,FREE
MPLPTLGK,2023-10-14,,2023-11-13 02:58:44.431338,2023-10-30,2023-11-24,PREMIUM
HXF6D9C9,2023-07-12,,2023-08-14 00:00:00.000000,2023-09-18,,FREE
5796TNK6,2023-10-31,,2023-11-22 00:00:00.000000,2023-11-07,,ENTERPRISE
7YMRT3SA,2023-01-31,,2023-03-20 00:00:00.000000,2023-06-19,,PREMIUM
U5EI53VK,2023-06-27,,2023-08-23 00:00:00.000000,2023-12-05,,FREE
P4ZENOVB,2023-03-01,,2023-09-13 00:00:00.000000,2023-06-12,,FREE
ZQ86U2WL,2023-01-20,2023-11-02,2023-05-07 00:00:00.000000,,,PREMIUM
49OPNNFR,2023-02-02,2023-05-20,2023-05-02 00:00:00.000000,,,FREE
NY673XPP,2023-08-04,2023-09-17,2023-09-11 00:00:00.000000,2023-09-02,,PREMIUM
JCPQ3PMS,2023-02-17,,2023-05-03 00:00:00.000000,2023-11-12,,PREMIUM
INNSV9WZ,2023-08-23,,2023-12-09 00:00:00.000000,2023-11-30,,FREE
KFXHE6SM,2023-08-14,,2023-11-29 02:58:44.431338,2023-11-09,,FREE
7PZ8RYHC,2023-11-13,,2023-12-03 00:00:00.000000,2023-12-04,,ENTERPRISE
45074QYH,2023-01-25,,2023-10-26 02:58:44.431338,2023-09-01,,FREE
D2T5BWAM,2023-02-12,,2023-11-16 02:58:44.431338,2023-08-12,,PREMIUM
7PGQW61C,2023-10-10,,2023-10-28 00:00:00.000000,2023-10-26,,PREMIUM
I2PRU92A,2023-09-16,,2023-12-09 02:58:44.431338,2023-10-16,2023-12-12,FREE
FKRGT9VW,2023-04-30,2023-11-14,2023-07-09 00:00:00.000000,,,PREMIUM
C3W4MNNF,2023-03-07,,2023-03-11 00:00:00.000000,,,FREE
7NW1B3QO,2023-05-22,2023-11-01,2023-06-21 00:00:00.000000,,,PREMIUM
B2Z4L0RG,2023-01-27,,2023-03-13 00:00:00.000000,,,FREE
42UH4G57,2023-03-19,2023-07-27,2023-07-19 00:00:00.000000,,,FREE
K9RHX0MH,2023-03-14,,2023-07-09 00:00:00.000000,2023-09-19,,FREE
8R7QQJPK,2023-05-15,,2023-10-31 02:58:44.431338,2023-09-27,2023-10-01,PREMIUM
16CFVE8I,2023-09-26,2023-11-20,2023-09-29 00:00:00.000000,2023-11-12,,ENTERPRISE
KHD0T213,2023-02-23,,2023-11-26 02:58:44.431338,,,FREE
180OAUIR,2023-03-29,,2023-11-29 02:58:44.431338,2023-04-09,,FREE
SLT6EZT4,2023-11-30,,2023-11-29 02:58:44.431338,,,FREE
6AYBHUER,2023-01-28,,2023-11-07 02:58:44.431338,2023-09-07,,FREE
H94G4V12,2023-04-29,,2023-06-26 00:00:00.000000,2023-08-23,,FREE
2F8KEE5M,2023-01-02,,2023-11-29 02:58:44.431338,,,FREE
XQT7TMD4,2023-05-31,,2023-07-11 00:00:00.000000,2023-06-28,,PREMIUM
2MVB8Z83,2023-03-09,,2023-05-19 00:00:00.000000,,,FREE
QSI1987Q,2023-05-09,,2023-12-11 02:58:44.431338,2023-11-25,2023-11-25,PREMIUM
XTOURUPN,2023-03-12,,2023-09-12 00:00:00.000000,,,ENTERPRISE
9CY0MTXS,2023-04-04,,2023-11-19 02:58:44.431338,2023-11-15,,ENTERPRISE
2HPTB5WP,2023-03-31,,2023-09-13 00:00:00.000000,2023-04-18,,PREMIUM
GCP854O6,2023-03-06,,2023-10-27 02:58:44.431338,2023-06-26,,FREE
W0FVWAXY,2023-08-21,,2023-12-08 02:58:44.431338,,,FREE
5L67F9T3,2023-07-21,,2023-08-24 00:00:00.000000,,,FREE
5PSVMTTP,2023-10-01,,2023-12-11 02:58:44.431338,2023-11-18,,PREMIUM
AWVBBOS4,2023-07-01,,2023-07-17 00:00:00.000000,,,PREMIUM
O99MQMTK,2023-09-01,,2023-11-02 00:00:00.000000,2023-11-20,,FREE
67P31VXD,2023-07-14,,2023-07-25 00:00:00.000000,,,PREMIUM
9SDUULCM,2023-06-06,,2023-10-24 02:58:44.431338,2023-11-23,,ENTERPRISE
JL713FD1,2023-06-12,,2023-08-16 00:00:00.000000,,,PREMIUM
GYBKXY3W,2023-09-08,2023-09-22,2023-09-20 00:00:00.000000,,,FREE
OLTIU1Q1,2023-11-25,,2023-10-31 02:58:44.431338,2023-12-10,,FREE
IC8CU79U,2023-07-08,,2023-11-17 02:58:44.431338,2023-07-25,2023-12-05,FREE
VROMLSQ2,2023-08-06,,2023-09-27 00:00:00.000000,2023-08-12,,FREE
78QG45PV,2023-07-17,2023-11-05,2023-08-04 00:00:00.000000,2023-07-23,,PREMIUM
ME5BG3W5,2023-06-12,2023-09-25,2023-09-21 00:00:00.000000,2023-07-30,,FREE
SNTS4QMB,2023-10-13,,2023-11-30 02:58:44.431338,,,PREMIUM
QHU8SRGV,2023-08-29,,2023-12-11 02:58:44.431338,2023-10-02,2023-11-06,FREE
T8FOIHWF,2023-03-28,,2023-06-29 00:00:00.000000,2023-10-16,,PREMIUM
FF78IIRL,2023-02-18,2023-08-17,2023-07-14 00:00:00.000000,,,PREMIUM
RVH3H8AX,2023-03-06,,2023-05-15 00:00:00.000000,,,PREMIUM
8JM3CBN0,2023-06-05,,2023-11-08 02:58:44.431338,2023-07-06,,PREMIUM
7BSL72OM,2023-05-24,,2023-11-23 02:58:44.431338,2023-11-05,,FREE
54YU0BH6,2023-05-19,,2023-11-01 00:00:00.000000,2023-06-29,,FREE
Y90JVMMK,2023-08-30,,2023-12-12 02:58:44.431338,2023-11-08,,FREE
KCROMQK9,2023-11-09,2023-12-05,2023-12-03 00:00:00.000000,,,PREMIUM
Q6JVKD0W,2023-06-25,,2023-10-12 00:00:00.000000,2023-11-19,,PREMIUM
81YB3QX6,2023-11-23,,2023-11-25 00:00:00.000000,,,FREE
8WYAUFEF,2023-12-06,,2023-12-07 00:00:00.000000,,,PREMIUM
G52UTP6R,2023-06-05,,2023-10-26 02:58:44.431338,2023-07-13,,ENTERPRISE
2F5IG476,2023-03-27,,2023-04-10 00:00:00.000000,,,PREMIUM
NE4PTREJ,2023-03-14,,2023-08-13 00:00:00.000000,2023-10-26,,PREMIUM
WTRUUAEH,2023-08-09,,2023-10-25 02:58:44.431338,2023-11-07,,FREE
Z8TQBXDQ,2023-04-28,,2023-06-08 00:00:00.000000,,,FREE
LF7W4TIQ,2023-10-31,,2023-11-09 00:00:00.000000,,,FREE
EF3Q246B,2023-07-08,,2023-10-19 02:58:44.431338,2023-10-28,,PREMIUM
FS4ML3V1,2023-11-20,,2023-11-22 00:00:00.000000,,,FREE
E3BGPK1C,2023-04-13,,2023-12-04 02:58:44.431338,2023-06-17,,FREE
9SLXFOQE,2023-10-27,,2023-11-29 00:00:00.000000,,,PREMIUM
M0JWBLRU,2023-07-22,,2023-09-30 00:00:00.000000,,,PREMIUM
0KE06CKJ,2023-05-22,2023-05-26,2023-05-24 00:00:00.000000,,,PREMIUM
1PKCTO5P,2023-12-02,2023-12-09,2023-12-07 00:00:00.000000,,,FREE
07IBHW6G,2023-03-19,,2023-12-02 02:58:44.431338,,,PREMIUM
J1QT7RZJ,2023-07-22,,2023-10-15 02:58:44.431338,2023-11-07,,FREE
5F91MPQK,2023-11-11,,2023-11-19 00:00:00.000000,2023-12-02,,FREE
CC97TP1G,2023-09-20,,2023-10-28 02:58:44.431338,,,PREMIUM
WUU3TJ31,2023-06-03,,2023-11-10 02:58:44.431338,2023-11-25,2023-12-06,PREMIUM
LO01AAZX,2023-09-17,,2023-11-19 00:00:00.000000,,,FREE
U6AY54XK,2023-01-04,,2023-11-24 02:58:44.431338,2023-08-01,,FREE
9I9W74KT,2023-06-16,,2023-10-27 00:00:00.000000,2023-08-27,,FREE
XAD7FHT7,2023-11-11,,2023-12-02 02:58:44.431338,,,FREE
7GBYX46D,2023-03-13,,2023-11-27 02:58:44.431338,2023-07-04,,PREMIUM
75W0KXEK,2023-02-14,,2023-11-03 00:00:00.000000,2023-10-25,,ENTERPRISE
BPLWOP27,2023-11-21,,2023-11-22 00:00:00.000000,2023-11-23,,FREE
S5W7D0JJ,2023-06-09,,2023-11-19 00:00:00.000000,2023-11-07,,ENTERPRISE
RVV2BM89,2023-05-17,,2023-11-25 00:00:00.000000,,,FREE
2N1QX2N2,2023-06-04,,2023-12-01 02:58:44.431338,2023-06-29,2023-08-25,FREE
RLJK4NZE,2023-11-29,,2023-12-03 00:00:00.000000,2023-12-12,,FREE
FJ0KT5U7,2023-01-15,,2023-11-14 02:58:44.431338,2023-12-01,,FREE
6DWLK3RU,2023-08-17,,2023-10-30 02:58:44.431338,,,ENTERPRISE
DX4XSG38,2023-09-01,,2023-10-17 02:58:44.431338,2023-11-16,,PREMIUM
6XUQDM8N,2023-04-17,,2023-10-01 00:00:00.000000,,,PREMIUM
OEW4GOKX,2023-01-05,,2023-09-23 00:00:00.000000,,,PREMIUM
POWHBR55,2023-04-29,,2023-12-03 02:58:44.431338,,,FREE
YU7RTLNA,2023-09-21,,2023-11-06 00:00:00.000000,,,FREE
W3W37L8U,2023-09-26,,2023-11-12 02:58:44.431338,,,FREE
MJ2O448V,2023-12-08,,2023-11-27 02:58:44.431338,2023-12-11,,ENTERPRISE
M9402AE2,2023-07-01,,2023-12-03 00:00:00.000000,2023-10-30,2023-11-20,FREE
E0PO09JJ,2023-05-16,,2023-11-05 02:58:44.431338,2023-08-12,,ENTERPRISE
XLNCIW0W,2023-11-03,2023-11-26,2023-11-24 00:00:00.000000,2023-11-11,,ENTERPRISE
DJK3A7D2,2023-10-27,,2023-11-02 00:00:00.000000,,,PREMIUM
HA0BMX9Q,2023-07-11,,2023-07-21 00:00:00.000000,,,FREE
LIZ75PXQ,2023-11-14,,2023-11-24 00:00:00.000000,2023-11-15,,FREE
AS9RGM84,2023-11-27,2023-12-11,2023-12-03 00:00:00.000000,,,FREE
8RZMM1AQ,2023-04-20,,2023-07-22 00:00:00.000000,2023-05-16,,FREE
KDMTVHQV,2023-12-04,,2023-12-08 00:00:00.000000,2023-12-12,2023-12-12,FREE
ICUL5RYX,2023-12-01,,2023-12-10 00:00:00.000000,2023-12-03,,FREE
DWQVUCM7,2023-09-08,,2023-09-12 00:00:00.000000,2023-09-24,,FREE
ZFP8WIHM,2023-01-05,,2023-12-02 00:00:00.000000,,,PREMIUM
F15TI36W,2023-02-27,,2023-12-10 00:00:00.000000,2023-10-22,,FREE
TX5EVFPX,2023-06-05,,2023-07-05 00:00:00.000000,2023-09-01,,FREE
IXIF86HC,2023-09-13,,2023-12-03 00:00:00.000000,2023-11-27,,FREE
HPML9INR,2023-09-11,,2023-11-23 00:00:00.000000,,,FREE
BVNJ7MYW,2023-05-07,,2023-11-25 02:58:44.431338,2023-09-08,,FREE
YFIWN4VY,2023-06-30,,2023-11-12 02:58:44.431338,,,FREE
D52DJ5TP,2023-03-22,,2023-06-16 00:00:00.000000,2023-06-11,,FREE
Q3TLNW25,2023-11-01,,2023-11-25 00:00:00.000000,2023-12-02,,FREE
J2PVN6M8,2023-11-16,,2023-12-10 00:00:00.000000,,,FREE
OGTSDC41,2023-01-08,,2023-11-17 02:58:44.431338,2023-04-06,,FREE
TXXZWE8V,2023-06-11,2023-10-07,2023-09-01 00:00:00.000000,2023-07-27,2023-09-19,PREMIUM
YIBCDGOR,2023-12-06,2023-12-10,2023-12-09 00:00:00.000000,2023-12-09,,PREMIUM
U470NVIG,2023-03-14,,2023-11-14 02:58:44.431338,2023-11-25,,PREMIUM
BXDV4MNB,2023-09-15,,2023-11-04 00:00:00.000000,2023-12-11,,PREMIUM
18UIKDE0,2023-10-23,,2023-12-08 02:58:44.431338,2023-11-06,,FREE
FPKIHU3Z,2023-04-03,2023-10-18,2023-10-14 00:00:00.000000,,,PREMIUM
DXPEGL52,2023-04-15,,2023-10-16 02:58:44.431338,2023-07-23,,FREE
IGXHVFGC,2023-10-13,,2023-10-22 02:58:44.431338,2023-10-23,,FREE
QU1W3FXB,2023-07-23,,2023-11-22 00:00:00.000000,2023-08-28,,FREE
MH8FGTU1,2023-10-07,,2023-12-09 02:58:44.431338,,,FREE
VYP71G9I,2023-01-26,,2023-03-05 00:00:00.000000,2023-01-30,,PREMIUM
NDT7IKJ8,2023-12-07,,2023-12-07 00:00:00.000000,,,FREE
3NCQWACS,2023-08-24,,2023-12-10 02:58:44.431338,,,FREE
0O4CDFY3,2023-01-04,,2023-07-17 00:00:00.000000,,,PREMIUM
AP51K5UF,2023-04-11,,2023-12-03 00:00:00.000000,2023-05-17,2023-10-20,FREE
6HFPGXJF,2023-06-20,,2023-09-21 00:00:00.000000,2023-08-31,,FREE
8Q48EOIH,2023-05-21,,2023-11-03 02:58:44.431338,2023-07-09,,PREMIUM
JBVA7PA5,2023-03-22,,2023-05-06 00:00:00.000000,2023-03-24,,ENTERPRISE
GHN1WTG5,2023-08-19,,2023-09-13 00:00:00.000000,,,FREE
BDMUCW9Z,2023-07-10,,2023-10-18 02:58:44.431338,2023-10-09,,FREE
0BIH4DUH,2023-05-25,,2023-11-28 02:58:44.431338,,,FREE
IC869TIV,2023-03-16,,2023-09-12 00:00:00.000000,2023-09-16,2023-11-07,FREE
7EED7SHA,2023-09-15,,2023-12-04 02:58:44.431338,2023-11-22,,FREE
Z11TKFPV,2023-10-20,,2023-11-07 00:00:00.000000,,,FREE
RQXHQKNI,2023-08-31,,2023-11-11 02:58:44.431338,2023-10-13,2023-11-01,FREE
Y5JVAPNP,2023-11-23,,2023-11-20 02:58:44.431338,2023-12-10,,PREMIUM
DINWOVUY,2023-11-08,,2023-11-18 00:00:00.000000,2023-11-21,,PREMIUM
3J77SOXW,2023-12-05,,2023-12-05 00:00:00.000000,2023-12-13,,FREE
HZNEKJ7O,2023-06-22,2023-11-14,2023-08-19 00:00:00.000000,2023-10-24,2023-11-07,ENTERPRISE
GL7RJR87,2023-05-11,,2023-11-21 02:58:44.431338,2023-09-05,,PREMIUM
CQNO0IPH,2023-05-17,2023-07-29,2023-05-22 00:00:00.000000,2023-05-20,,PREMIUM
IGRV82OF,2023-08-25,,2023-11-07 00:00:00.000000,,,FREE
P162I3CV,2023-12-05,,2023-11-01 02:58:44.431338,2023-12-05,2023-12-08,PREMIUM
YFJ1EZEI,2023-06-04,2023-11-12,2023-08-09 00:00:00.000000,,,ENTERPRISE
3N1K6AJ7,2023-05-09,,2023-06-21 00:00:00.000000,2023-06-07,,FREE
MTCUASIZ,2023-10-17,,2023-12-06 00:00:00.000000,2023-11-04,,PREMIUM
P78X8HA5,2023-12-06,,2023-11-10 02:58:44.431338,2023-12-12,,PREMIUM
3I5ZN3SG,2023-03-29,,2023-10-15 00:00:00.000000,2023-08-30,,ENTERPRISE
0B83FXJC,2023-11-10,,2023-11-21 00:00:00.000000,,,PREMIUM
N00QBOV7,2023-09-30,,2023-12-09 02:58:44.431338,2023-10-28,2023-11-11,FREE
LW116GGL,2023-01-29,,2023-03-19 00:00:00.000000,,,FREE
Q6U6R47G,2023-12-02,2023-12-13,2023-12-12 00:00:00.000000,2023-12-12,,FREE
51H6Y4OH,2023-03-14,,2023-12-02 02:58:44.431338,,,FREE
DDEWZQCB,2023-06-20,,2023-11-05 02:58:44.431338,2023-06-22,,FREE
W84MS572,2023-09-14,,2023-10-19 02:58:44.431338,2023-11-05,,PREMIUM
BSBMQRB4,2023-10-21,,2023-11-26 00:00:00.000000,2023-11-28,,FREE
J6R9REUJ,2023-09-07,,2023-10-19 02:58:44.431338,2023-11-26,,FREE
6PC68Z6U,2023-08-01,2023-09-25,2023-08-05 00:00:00.000000,,,FREE
F0R8S9CP,2023-11-12,,2023-11-23 00:00:00.000000,2023-12-13,2023-12-13,PREMIUM
VMCR3VO9,2023-07-11,,2023-10-06 00:00:00.000000,,,PREMIUM
BVVCS7GA,2023-04-26,,2023-09-01 00:00:00.000000,2023-07-03,,ENTERPRISE
AWX8Z4L5,2023-06-26,,2023-10-28 02:58:44.431338,2023-10-28,,ENTERPRISE
P9LQ8X9K,2023-05-06,,2023-12-03 02:58:44.431338,2023-08-27,,FREE
L4L27BL6,2023-10-05,,2023-11-28 00:00:00.000000,2023-11-02,,FREE
M8WGQ1M2,2023-02-26,,2023-09-09 00:00:00.000000,2023-03-22,,FREE
SDKRXPJH,2023-07-23,,2023-12-08 00:00:00.000000,2023-07-31,2023-12-06,ENTERPRISE
5MSUMJAX,2023-09-26,,2023-11-20 02:58:44.431338,,,ENTERPRISE
GSE0KCTL,2023-11-14,,2023-12-11 02:58:44.431338,2023-11-23,2023-12-07,FREE
EPGHNV6D,2023-01-09,,2023-02-04 00:00:00.000000,,,ENTERPRISE
ANUUZ4YB,2023-12-11,,2023-12-12 00:00:00.000000,2023-12-12,,FREE
QD8NSJWG,2023-03-03,,2023-12-05 02:58:44.431338,2023-07-04,,FREE
AKXG3Z53,2023-03-13,,2023-04-11 00:00:00.000000,2023-09-01,,FREE
7MIVBROK,2023-06-12,,2023-11-23 02:58:44.431338,2023-10-17,,FREE
SPL362UM,2023-09-15,2023-10-19,2023-10-18 00:00:00.000000,,,PREMIUM
34HQH4MM,2023-04-16,,2023-12-03 02:58:44.431338,,,PREMIUM
C9B9IG56,2023-03-17,,2023-10-25 02:58:44.431338,2023-07-07,,FREE
H7HOVA3B,2023-08-12,,2023-10-26 00:00:00.000000,2023-09-05,,PREMIUM
N5QBAWPR,2023-12-05,,2023-12-08 02:58:44.431338,2023-12-13,,FREE
IPIE9LRV,2023-10-20,,2023-10-30 00:00:00.000000,,,FREE
7JH9S4HH,2023-11-28,,2023-11-30 02:58:44.431338,,,PREMIUM
VSWWEMAN,2023-05-20,,2023-11-22 02:58:44.431338,,,FREE
WB5PSWDO,2023-02-06,,2023-10-14 02:58:44.431338,2023-05-08,,ENTERPRISE
ME9WXQCQ,2023-02-10,,2023-11-26 02:58:44.431338,,,PREMIUM
B3O3EWK1,2023-11-29,,2023-12-01 02:58:44.431338,2023-11-30,,FREE
68X0WZDF,2023-10-01,,2023-10-24 02:58:44.431338,,,FREE
OWER25VR,2023-08-31,,2023-09-12 00:00:00.000000,2023-11-28,,FREE
2P9BD8YV,2023-10-12,,2023-11-01 02:58:44.431338,2023-11-14,2023-11-22,FREE
4NZVU9ZM,2023-05-06,,2023-11-28 00:00:00.000000,,,FREE
ABAV9RJ7,2023-09-07,,2023-12-03 00:00:00.000000,2023-09-10,,FREE
QF7JVTAR,2023-09-21,,2023-11-19 00:00:00.000000,2023-10-29,,PREMIUM
KHD3RECN,2023-11-11,,2023-12-05 02:58:44.431338,2023-12-09,,PREMIUM
EIBWLRLQ,2023-09-13,,2023-10-13 00:00:00.000000,2023-10-17,,FREE
QQ6VJ5MZ,2023-12-06,,2023-12-09 02:58:44.431338,,,PREMIUM
M4FWNDQ5,2023-09-20,,2023-11-14 00:00:00.000000,2023-10-06,,PREMIUM
N4N149DA,2023-10-13,,2023-11-23 00:00:00.000000,2023-12-13,,PREMIUM
9YJ0GE0F,2023-08-11,,2023-10-24 00:00:00.000000,2023-10-14,,PREMIUM
XRNBTTTW,2023-12-04,,2023-12-11 00:00:00.000000,2023-12-13,2023-12-13,FREE
N5LY8PNC,2023-04-06,,2023-10-21 02:58:44.431338,,,PREMIUM
ABZ22SN2,2023-05-20,,2023-08-15 00:00:00.000000,2023-09-08,,ENTERPRISE
IFSYYFTG,2023-05-10,,2023-11-25 02:58:44.431338,2023-08-30,,PREMIUM
N78FXFCU,2023-06-14,,2023-12-06 02:58:44.431338,,,PREMIUM
YX63C5QM,2023-08-21,,2023-11-28 00:00:00.000000,2023-10-14,,PREMIUM
QRQOVXRS,2023-01-11,,2023-03-07 00:00:00.000000,2023-11-13,,FREE
TSKL5XU6,2023-10-15,,2023-12-11 00:00:00.000000,,,FREE
IIMQT2YV,2023-08-15,,2023-11-11 00:00:00.000000,,,FREE
49CDN92G,2023-09-04,,2023-09-09 00:00:00.000000,,,ENTERPRISE
KF87P7XS,2023-06-22,2023-11-03,2023-09-06 00:00:00.000000,2023-07-12,,PREMIUM
K2SZQ32K,2023-02-08,,2023-11-15 02:58:44.431338,2023-10-12,,PREMIUM
KR8ZMU51,2023-05-14,2023-06-05,2023-05-25 00:00:00.000000,2023-05-30,,PREMIUM
QSGIFLIB,2023-09-23,,2023-10-18 02:58:44.431338,,,PREMIUM
1VQ8Q62Z,2023-05-14,,2023-11-29 02:58:44.431338,2023-10-21,,PREMIUM
72VBHUZC,2023-07-27,,2023-11-14 02:58:44.431338,,,FREE
2NK5W5H8,2023-10-02,,2023-10-21 00:00:00.000000,2023-11-07,2023-11-25,PREMIUM
WF7ZDIZB,2023-11-21,,2023-10-17 02:58:44.431338,,,PREMIUM
M31SI5RX,2023-04-15,2023-11-17,2023-05-16 00:00:00.000000,2023-06-05,2023-11-09,ENTERPRISE
4997FC0Y,2023-05-01,,2023-12-03 02:58:44.431338,2023-07-10,2023-10-30,FREE
Q9DGJQMW,2023-10-24,,2023-11-11 00:00:00.000000,,,FREE
BRUFZW5W,2023-04-29,,2023-11-30 02:58:44.431338,2023-11-15,,FREE
D2TO2WL4,2023-08-20,,2023-10-14 02:58:44.431338,2023-11-05,,FREE
IRI0Q2BY,2023-08-15,,2023-10-27 02:58:44.431338,,,PREMIUM
J2OR9W3M,2023-06-09,,2023-11-17 00:00:00.000000,2023-07-26,2023-09-22,PREMIUM
BUERQV1K,2023-07-22,,2023-12-06 00:00:00.000000,2023-11-26,,FREE
IR3NX9SQ,2023-08-06,,2023-11-03 00:00:00.000000,,,FREE
MN3FXXER,2023-07-21,,2023-10-22 02:58:44.431338,2023-10-14,,PREMIUM
EFBZCWN7,2023-10-07,,2023-11-12 00:00:00.000000,2023-11-09,,ENTERPRISE
ILEA5KKW,2023-10-19,2023-11-24,2023-11-06 00:00:00.000000,,,FREE
ENXHFGK9,2023-05-21,,2023-08-16 00:00:00.000000,,,PREMIUM
M4L4KP4O,2023-06-28,,2023-12-03 00:00:00.000000,,,FREE
VERCAX8P,2023-09-03,,2023-10-24 00:00:00.000000,,,FREE
N1KL18VQ,2023-10-22,,2023-11-10 02:58:44.431338,,,FREE
VLSYDTTY,2023-01-18,,2023-12-01 02:58:44.431338,2023-10-08,,FREE
8FSUDK13,2023-06-12,,2023-10-24 02:58:44.431338,,,FREE
VY0ZH8RN,2023-09-12,,2023-11-19 00:00:00.000000,2023-11-20,,FREE
1TTWGT7H,2023-08-03,,2023-09-18 00:00:00.000000,2023-11-17,2023-11-26,FREE
CGA00M7A,2023-07-15,,2023-12-06 00:00:00.000000,2023-10-02,,ENTERPRISE
1ZJJJC78,2023-03-27,,2023-07-23 00:00:00.000000,2023-09-24,,FREE
X5RNS5CS,2023-06-15,,2023-11-02 02:58:44.431338,2023-09-05,,FREE
1T8XFTN8,2023-03-01,,2023-11-29 02:58:44.431338,2023-09-28,,FREE
ZWQRCMGN,2023-04-18,,2023-10-15 02:58:44.431338,,,FREE
2HMEUNNE,2023-03-09,,2023-03-24 00:00:00.000000,,,FREE
OJ61RR3R,2023-10-25,,2023-11-14 00:00:00.000000,,,FREE
7AOQGSKR,2023-05-29,,2023-11-27 02:58:44.431338,2023-07-30,,FREE
TYNBMMAG,2023-03-27,,2023-10-16 02:58:44.431338,,,FREE
S8OZDKVG,2023-10-15,2023-12-06,2023-10-31 00:00:00.000000,2023-10-31,,PREMIUM
3THKEPQT,2023-03-28,,2023-10-14 02:58:44.431338,2023-08-27,,PREMIUM
4WX4NWGI,2023-12-06,,2023-12-08 00:00:00.000000,2023-12-12,,FREE
GG9R1ON1,2023-03-15,,2023-12-05 02:58:44.431338,2023-10-09,,PREMIUM
C99AMM5Y,2023-01-31,,2023-04-20 00:00:00.000000,,,FREE
NENNUV71,2023-05-21,,2023-07-03 00:00:00.000000,,,PREMIUM
UCIZF453,2023-04-21,,2023-11-29 00:00:00.000000,2023-10-30,2023-11-02,FREE
HDDK0JNP,2023-05-06,,2023-06-26 00:00:00.000000,,,PREMIUM
3R73J2QN,2023-05-11,,2023-07-04 00:00:00.000000,2023-08-26,,FREE
XBY56YQB,2023-10-22,,2023-11-18 02:58:44.431338,,,FREE
VF5LEKEV,2023-09-28,,2023-10-25 02:58:44.431338,2023-12-12,,FREE
UCKY4HZH,2023-10-04,,2023-12-05 00:00:00.000000,2023-10-04,2023-10-12,PREMIUM
JIWLZUZN,2023-10-16,,2023-12-08 02:58:44.431338,,,FREE
DGWN08GW,2023-02-12,,2023-11-24 02:58:44.431338,2023-03-24,,FREE
PGXC3PET,2023-09-16,,2023-11-30 02:58:44.431338,,,FREE
YLXFOI6A,2023-11-14,,2023-11-23 00:00:00.000000,,,FREE
9M2FCRLD,2023-09-22,,2023-10-15 02:58:44.431338,2023-10-24,,ENTERPRISE
T5J2Y61D,2023-10-03,,2023-11-22 02:58:44.431338,2023-11-08,,FREE
NJWXBZ28,2023-03-10,,2023-06-09 00:00:00.000000,,,FREE
2MC81BJ6,2023-04-26,,2023-10-30 02:58:44.431338,,,FREE
UUZE151X,2023-11-01,,2023-11-12 02:58:44.431338,,,FREE
SU11UJMN,2023-10-06,,2023-12-01 00:00:00.000000,,,FREE
J8W0OJNH,2023-08-12,,2023-12-12 00:00:00.000000,2023-10-11,,PREMIUM
7KD9KV0G,2023-06-06,,2023-11-02 02:58:44.431338,,,ENTERPRISE
01YEU8JS,2023-10-11,,2023-10-31 00:00:00.000000,2023-11-30,,FREE
4LOKXOMT,2023-01-22,,2023-11-25 02:58:44.431338,2023-09-15,,FREE
NZQ1NIXS,2023-01-13,,2023-11-23 00:00:00.000000,2023-06-11,,FREE
MUATC1ON,2023-02-13,,2023-11-23 02:58:44.431338,,,PREMIUM
IO4CL1D5,2023-03-22,,2023-11-21 02:58:44.431338,2023-11-11,,FREE
N4LCLNYF,2023-10-27,,2023-11-26 02:58:44.431338,,,FREE
Q0MDEWQL,2023-12-08,,2023-11-20 02:58:44.431338,2023-12-12,,PREMIUM
MTYYTSBX,2023-06-02,2023-12-01,2023-07-21 00:00:00.000000,,,FREE
LOJV05DH,2023-11-08,,2023-11-27 00:00:00.000000,,,PREMIUM
YEZ9K3AD,2023-09-05,,2023-09-12 00:00:00.000000,,,FREE
JGN6UFSC,2023-06-16,2023-11-02,2023-09-16 00:00:00.000000,,,FREE
B5V6Z43E,2023-06-21,,2023-11-11 00:00:00.000000,2023-11-07,,FREE
CYT0SHIL,2023-01-22,,2023-09-29 00:00:00.000000,2023-09-11,2023-11-09,PREMIUM
UW8JQZR4,2023-06-28,,2023-11-17 02:58:44.431338,2023-11-04,,FREE
U7XO2OP4,2023-05-23,,2023-11-16 02:58:44.431338,2023-11-14,,PREMIUM
CPPDFR9S,2023-03-13,,2023-11-12 02:58:44.431338,2023-04-09,,ENTERPRISE
447JJZLH,2023-10-09,,2023-11-05 02:58:44.431338,2023-11-22,,FREE
M34M1JEP,2023-06-03,,2023-08-13 00:00:00.000000,,,FREE
H3SFYONC,2023-05-30,,2023-10-19 02:58:44.431338,,,FREE
BHG6S9GC,2023-08-28,,2023-12-12 02:58:44.431338,2023-11-08,,FREE
JQT73YOT,2023-04-15,,2023-12-05 02:58:44.431338,,,FREE
ZMNNU8YZ,2023-01-14,,2023-11-12 02:58:44.431338,2023-06-10,2023-09-01,PREMIUM
US9GQ74M,2023-04-22,,2023-11-06 02:58:44.431338,2023-10-20,,FREE
4OX9AT4U,2023-05-03,,2023-10-24 02:58:44.431338,2023-05-30,,FREE
RBF20YLN,2023-07-26,,2023-11-17 02:58:44.431338,2023-11-25,,ENTERPRISE
LKK53U85,2023-12-02,,2023-12-08 02:58:44.431338,2023-12-07,,ENTERPRISE
6KAP7FN1,2023-11-03,,2023-12-09 02:58:44.431338,2023-11-24,,FREE
14RBFZRF,2023-03-11,2023-09-08,2023-05-03 00:00:00.000000,2023-06-24,,FREE
YWKJSALO,2023-10-16,,2023-11-17 02:58:44.431338,,,ENTERPRISE
SVKS7LBW,2023-04-08,,2023-11-12 00:00:00.000000,,,FREE
CBTE0MVU,2023-02-09,,2023-10-19 00:00:00.000000,2023-07-21,,FREE
UKPZSYEI,2023-11-17,,2023-12-10 00:00:00.000000,2023-11-18,,FREE
JHKGB67S,2023-08-04,2023-10-20,2023-08-23 00:00:00.000000,,,FREE
1JS2KFW6,2023-09-09,,2023-10-22 00:00:00.000000,,,ENTERPRISE
J5E2DU49,2023-02-06,,2023-11-15 02:58:44.431338,2023-08-05,2023-10-21,PREMIUM
2ZE0JUS3,2023-10-19,,2023-11-22 00:00:00.000000,,,PREMIUM
BEN8DA2Y,2023-02-04,,2023-11-07 02:58:44.431338,2023-03-23,,PREMIUM
MYZOS8JV,2023-09-11,,2023-11-15 02:58:44.431338,2023-12-10,,FREE
DDBX7TV9,2023-01-14,,2023-12-02 00:00:00.000000,2023-01-19,,FREE
G9UZL7O2,2023-07-28,,2023-08-07 00:00:00.000000,2023-08-30,,PREMIUM
75PP8G54,2023-04-11,,2023-07-04 00:00:00.000000,2023-07-11,2023-09-12,FREE
HTCASX17,2023-08-02,,2023-10-26 00:00:00.000000,2023-10-15,,FREE
N489LACZ,2023-02-05,,2023-11-03 02:58:44.431338,2023-08-12,,FREE
SGTXDX8E,2023-04-18,,2023-05-26 00:00:00.000000,2023-05-13,2023-05-25,FREE
PN7J8N9C,2023-07-03,,2023-08-15 00:00:00.000000,2023-09-01,,FREE
MZ6WS8S6,2023-03-25,,2023-10-26 02:58:44.431338,2023-11-09,2023-12-06,FREE
JKBVZ1LY,2023-09-02,,2023-10-28 02:58:44.431338,2023-09-07,,FREE
MOO6I9E0,2023-11-04,,2023-11-05 02:58:44.431338,2023-11-12,,FREE
GP7XW3X7,2023-10-28,2023-12-06,2023-11-19 00:00:00.000000,2023-10-29,,FREE
EPNZG5RI,2023-11-20,2023-11-24,2023-11-22 00:00:00.000000,2023-11-20,2023-11-21,FREE
UT703BBN,2023-03-18,,2023-11-18 02:58:44.431338,,,FREE
S9QVRXC6,2023-04-30,,2023-05-04 00:00:00.000000,2023-09-29,,PREMIUM
A7759Y4V,2023-02-18,,2023-11-30 02:58:44.431338,,,FREE
OFJ3AWQF,2023-09-05,,2023-12-01 00:00:00.000000,2023-10-12,,FREE
Z8T9EMFK,2023-01-11,,2023-06-03 00:00:00.000000,2023-05-29,,FREE
VB2I3I80,2023-12-05,,2023-12-13 00:00:00.000000,2023-12-10,,FREE
L4D1XT0U,2023-03-11,,2023-09-26 00:00:00.000000,2023-06-04,,FREE
OOJ5WXR2,2023-11-01,,2023-10-27 02:58:44.431338,,,FREE
Z682YFG0,2023-02-11,,2023-02-25 00:00:00.000000,2023-07-25,,PREMIUM
9T9MRAP9,2023-08-30,,2023-12-10 00:00:00.000000,,,FREE
3P53F76E,2023-03-31,,2023-11-05 02:58:44.431338,2023-10-31,2023-11-11,PREMIUM
MS0BW8N8,2023-03-11,,2023-11-19 02:58:44.431338,,,FREE
NA11QQCH,2023-11-09,,2023-10-16 02:58:44.431338,2023-12-02,,FREE
040B5V30,2023-02-14,,2023-06-11 00:00:00.000000,,,FREE
P40TASL7,2023-02-27,,2023-11-22 02:58:44.431338,2023-08-21,2023-10-01,ENTERPRISE
M9P0U0Y3,2023-05-06,,2023-11-09 02:58:44.431338,2023-10-29,,ENTERPRISE
JY7UJUYN,2023-09-23,,2023-11-26 02:58:44.431338,2023-10-06,,FREE
2LNSINCQ,2023-07-30,,2023-12-05 02:58:44.431338,2023-12-04,2023-12-13,FREE
1J9PMDOQ,2023-07-18,,2023-10-23 00:00:00.000000,2023-10-14,,PREMIUM
4VWNAOMQ,2023-11-29,,2023-10-24 02:58:44.431338,2023-11-29,2023-12-11,PREMIUM
P0Q76X0R,2023-09-18,,2023-11-13 02:58:44.431338,,,FREE
VS7N5HDI,2023-09-27,,2023-12-04 00:00:00.000000,2023-10-14,,FREE
NCEFMTZR,2023-04-26,,2023-06-09 00:00:00.000000,,,FREE
12HTDBBV,2023-08-16,,2023-12-10 02:58:44.431338,2023-11-01,,FREE
V1ZZITGS,2023-12-05,,2023-12-08 00:00:00.000000,2023-12-12,,PREMIUM
Y2T5QCJ9,2023-11-15,,2023-11-21 00:00:00.000000,2023-12-01,,FREE
EITR46HD,2023-04-23,,2023-11-09 00:00:00.000000,2023-08-01,,FREE
6YD9VD29,2023-09-04,,2023-12-10 00:00:00.000000,2023-09-10,,FREE
7F99905Z,2023-10-02,,2023-11-14 00:00:00.000000,2023-10-11,,PREMIUM
RYYEIN48,2023-09-21,,2023-10-30 02:58:44.431338,,,PREMIUM
Z1HAS81B,2023-01-25,,2023-11-09 02:58:44.431338,2023-04-12,,FREE
HIIQP543,2023-05-05,,2023-11-01 02:58:44.431338,2023-10-26,2023-12-10,FREE
RM0XXH94,2023-03-26,,2023-09-04 00:00:00.000000,2023-09-12,,PREMIUM
N7FSU165,2023-04-21,,2023-11-04 02:58:44.431338,2023-10-05,,FREE
XFA3E4SU,2023-11-27,,2023-11-12 02:58:44.431338,,,FREE
TRSO6LS9,2023-05-16,,2023-07-20 00:00:00.000000,2023-11-19,,PREMIUM
VWO8BSOB,2023-07-09,2023-07-27,2023-07-19 00:00:00.000000,2023-07-13,,PREMIUM
6T26991D,2023-02-23,,2023-11-02 02:58:44.431338,,,FREE
IW4LBH5J,2023-08-18,,2023-10-22 00:00:00.000000,,,PREMIUM
VUDXU9AO,2023-11-06,,2023-11-17 00:00:00.000000,,,PREMIUM
GVYADSHX,2023-06-06,,2023-12-06 02:58:44.431338,,,FREE
GX643VBM,2023-06-21,,2023-12-04 02:58:44.431338,2023-10-15,,FREE
1MN3XK8C,2023-08-04,,2023-08-06 00:00:00.000000,2023-08-16,,FREE
94HU5FT4,2023-10-24,,2023-11-10 00:00:00.000000,,,FREE
6K6WNENO,2023-02-18,,2023-12-03 02:58:44.431338,2023-09-22,,FREE
07JGGLDM,2023-01-18,,2023-10-24 00:00:00.000000,2023-07-28,2023-09-22,FREE
YZKG7EFJ,2023-07-16,,2023-10-15 02:58:44.431338,2023-10-30,,FREE
DC4452H2,2023-10-03,,2023-10-17 00:00:00.000000,,,ENTERPRISE
CVQD56OC,2023-01-17,,2023-11-14 00:00:00.000000,2023-07-20,2023-11-27,FREE
0ZOZM15K,2023-12-04,,2023-12-04 00:00:00.000000,,,FREE
4VDOV1CM,2023-06-10,,2023-12-04 00:00:00.000000,2023-10-09,,FREE
2TAE6LVK,2023-07-02,,2023-11-16 02:58:44.431338,2023-07-22,,FREE
ARBHAM4M,2023-06-01,,2023-07-10 00:00:00.000000,2023-10-02,2023-11-21,PREMIUM
R3B1ZTH0,2023-02-17,,2023-07-02 00:00:00.000000,2023-10-11,2023-11-25,FREE
R7ZPKN4C,2023-09-01,,2023-11-09 02:58:44.431338,2023-10-01,,PREMIUM
H4SDL247,2023-03-28,,2023-12-01 02:58:44.431338,2023-07-30,,FREE
X8TL9HD8,2023-11-25,,2023-11-26 00:00:00.000000,2023-11-26,,PREMIUM
PE7SVC2G,2023-03-15,,2023-12-02 02:58:44.431338,2023-08-23,,FREE
ED146R1T,2023-10-01,2023-11-24,2023-10-13 00:00:00.000000,,,FREE
BSKKSNA5,2023-10-03,,2023-12-12 00:00:00.000000,,,FREE
DP6SK4K1,2023-01-10,,2023-12-09 02:58:44.431338,2023-02-20,,FREE
B4O5B269,2023-03-02,,2023-09-15 00:00:00.000000,,,FREE
L20VEEIV,2023-01-01,,2023-11-02 00:00:00.000000,,,PREMIUM
5B9QPED1,2023-05-31,,2023-12-09 02:58:44.431338,,,FREE
ZWNOYF4X,2023-07-14,,2023-12-04 02:58:44.431338,2023-08-24,2023-11-23,FREE
E4R8VNS0,2023-01-22,2023-11-30,2023-08-22 00:00:00.000000,2023-08-20,,FREE
YLY9B0F1,2023-10-17,,2023-10-21 02:58:44.431338,,,ENTERPRISE
R7F7NB0N,2023-04-19,2023-07-12,2023-06-05 00:00:00.000000,2023-06-20,,PREMIUM
PPAP2P2B,2023-09-26,,2023-11-17 02:58:44.431338,,,FREE
YXAHNL4W,2023-03-20,,2023-09-26 00:00:00.000000,2023-11-05,,PREMIUM
G5LQ6N8N,2023-11-21,,2023-12-12 00:00:00.000000,,,FREE
D0F0G6X1,2023-09-09,,2023-12-03 02:58:44.431338,,,FREE
S48KTB28,2023-01-09,,2023-08-27 00:00:00.000000,,,FREE
I9TWFOVP,2023-06-07,2023-10-13,2023-07-08 00:00:00.000000,2023-10-11,,PREMIUM
SINXDMVD,2023-10-18,,2023-12-07 02:58:44.431338,,,PREMIUM
EURZC304,2023-09-08,,2023-11-21 02:58:44.431338,,,PREMIUM
2KVT2ESO,2023-05-28,,2023-11-01 00:00:00.000000,2023-12-06,,PREMIUM
9Y00Z711,2023-04-29,,2023-12-09 02:58:44.431338,2023-09-17,,PREMIUM
SAA6JMR3,2023-03-28,,2023-04-12 00:00:00.000000,2023-12-09,,FREE
ZFDCSVRE,2023-03-06,,2023-11-18 00:00:00.000000,,,FREE
F1YYNT2D,2023-02-16,,2023-12-11 02:58:44.431338,2023-12-05,,FREE
WOU6FVN7,2023-04-04,,2023-06-21 00:00:00.000000,2023-08-13,,FREE
G14NLPXG,2023-06-08,,2023-10-23 02:58:44.431338,2023-10-27,2023-10-30,FREE
VDK0EPQR,2023-03-10,,2023-04-01 00:00:00.000000,,,FREE
XXKRKCRO,2023-02-19,,2023-09-24 00:00:00.000000,2023-04-29,,PREMIUM
ZCJCYU25,2023-10-15,,2023-11-05 00:00:00.000000,,,PREMIUM
CXR6HHJ7,2023-01-13,,2023-09-15 00:00:00.000000,2023-03-20,,ENTERPRISE
ND4IHVRL,2023-10-25,2023-11-13,2023-10-31 00:00:00.000000,2023-11-09,,PREMIUM
MAX9GNPN,2023-06-29,,2023-07-21 00:00:00.000000,2023-11-18,,FREE
1JKN1NHE,2023-06-02,,2023-12-02 02:58:44.431338,,,FREE
CV4UI62Z,2023-07-16,2023-11-13,2023-08-05 00:00:00.000000,2023-07-22,,FREE
ZNIIMFA7,2023-01-01,,2023-11-04 02:58:44.431338,2023-03-05,,FREE
PL7VQHXS,2023-05-10,,2023-09-15 00:00:00.000000,2023-05-29,,PREMIUM
8E5LLBK6,2023-05-13,,2023-10-04 00:00:00.000000,2023-08-31,,FREE
EN4QTIG3,2023-03-19,,2023-10-14 02:58:44.431338,2023-09-07,,FREE
9MT8BPG3,2023-11-30,,2023-11-15 02:58:44.431338,2023-12-13,2023-12-13,FREE
B2C5X1J4,2023-09-30,,2023-12-01 02:58:44.431338,2023-11-17,2023-12-03,FREE
MF234SRK,2023-03-19,,2023-11-02 02:58:44.431338,2023-08-09,,FREE
03JHNUH9,2023-03-13,,2023-12-03 02:58:44.431338,2023-04-10,,FREE
J3DB2SV7,2023-08-13,,2023-11-21 00:00:00.000000,2023-08-27,,FREE
1W0TZOGE,2023-07-30,,2023-11-13 00:00:00.000000,2023-08-25,,PREMIUM
ZNJ4WVVO,2023-08-21,,2023-10-30 02:58:44.431338,,,FREE
UIHYQDZL,2023-09-23,,2023-10-01 00:00:00.000000,,,FREE
BM5D6OE8,2023-02-25,,2023-11-20 02:58:44.431338,2023-10-18,,PREMIUM
0H1ITHIS,2023-01-31,,2023-11-02 00:00:00.000000,2023-12-09,,ENTERPRISE
BFNB5YGI,2023-02-04,,2023-10-23 00:00:00.000000,2023-07-04,,FREE
2DW9ZEGU,2023-10-24,,2023-11-13 00:00:00.000000,2023-11-19,,FREE
Z3ITPLOS,2023-07-27,,2023-12-11 02:58:44.431338,2023-11-02,,PREMIUM
MVO0B2P1,2023-04-25,,2023-05-22 00:00:00.000000,,,FREE
08GSJGZZ,2023-03-26,,2023-12-04 02:58:44.431338,2023-04-18,,PREMIUM
W7TP0SR6,2023-05-19,2023-05-30,2023-05-23 00:00:00.000000,2023-05-21,,FREE
3E8A590B,2023-10-18,,2023-12-07 02:58:44.431338,2023-10-29,,FREE
ZQ4HAU34,2023-05-15,,2023-11-14 02:58:44.431338,2023-10-24,,FREE
JGHE2WF0,2023-05-25,,2023-09-10 00:00:00.000000,,,FREE
NM69YULF,2023-05-19,2023-10-18,2023-08-12 00:00:00.000000,2023-08-31,2023-10-14,ENTERPRISE
BXOGQM4F,2023-02-25,,2023-10-16 02:58:44.431338,2023-09-07,,PREMIUM
SVCFKPYE,2023-05-06,,2023-10-31 02:58:44.431338,2023-10-12,2023-12-06,PREMIUM
78XN06T3,2023-12-02,,2023-12-03 02:58:44.431338,,,FREE
H7PAHGK9,2023-10-11,,2023-10-20 00:00:00.000000,2023-11-06,,FREE
IX59WSWV,2023-10-03,,2023-11-27 00:00:00.000000,2023-12-10,,FREE
UCPHM4SR,2023-10-19,,2023-11-15 00:00:00.000000,,,PREMIUM
LOGH1EHT,2023-09-13,,2023-10-03 00:00:00.000000,,,PREMIUM
1TEF5TSQ,2023-11-02,,2023-12-04 02:58:44.431338,2023-11-19,,FREE
5PT3JS5E,2023-05-20,,2023-06-08 00:00:00.000000,2023-08-25,,FREE
8BMHXPC9,2023-09-09,,2023-12-05 00:00:00.000000,2023-09-25,2023-10-25,FREE
4MKFWID8,2023-04-15,,2023-05-17 00:00:00.000000,,,PREMIUM
JPBCELX5,2023-08-25,,2023-11-29 02:58:44.431338,,,FREE
3LKVUYA1,2023-05-10,,2023-08-17 00:00:00.000000,2023-06-30,,FREE
BBJ09K2F,2023-11-22,,2023-11-07 02:58:44.431338,2023-11-26,2023-12-11,FREE
8EBD141S,2023-03-28,,2023-11-30 02:58:44.431338,2023-05-23,,FREE
W4SPG1QI,2023-07-11,,2023-11-28 02:58:44.431338,2023-11-18,,PREMIUM
B0TLRNMQ,2023-05-03,,2023-05-12 00:00:00.000000,,,FREE
7Q0CJ6RJ,2023-03-27,,2023-10-17 02:58:44.431338,2023-04-02,,FREE
3KXHPOAW,2023-11-09,,2023-11-13 00:00:00.000000,,,PREMIUM
26EG7KNY,2023-09-30,2023-09-30,2023-09-30 00:00:00.000000,2023-09-30,2023-09-30,PREMIUM
JWV9CILC,2023-03-14,,2023-11-01 02:58:44.431338,2023-10-09,,PREMIUM
56YK2VOI,2023-08-07,,2023-10-27 00:00:00.000000,2023-09-25,,FREE
9AQFE25F,2023-01-04,2023-02-26,2023-02-06 00:00:00.000000,2023-02-23,,FREE
18T2TXTH,2023-01-20,2023-07-16,2023-05-31 00:00:00.000000,2023-04-06,,FREE
IBWNNX8R,2023-07-27,2023-10-11,2023-08-02 00:00:00.000000,2023-08-20,,FREE
HWHKS8SN,2023-01-21,,2023-03-02 00:00:00.000000,2023-10-25,,FREE
6ME4OXAD,2023-04-26,,2023-10-18 02:58:44.431338,,,FREE
7L0OQD0J,2023-05-31,,2023-07-13 00:00:00.000000,2023-11-03,,ENTERPRISE
UYJY8BV0,2023-02-22,,2023-09-13 00:00:00.000000,,,FREE
G8X7E7NC,2023-09-28,,2023-12-06 02:58:44.431338,2023-11-22,,PREMIUM
TJT340LV,2023-03-03,,2023-09-30 00:00:00.000000,2023-03-24,,FREE
A8MHYW9Q,2023-07-17,,2023-11-09 02:58:44.431338,,,FREE
KOK5F2B1,2023-09-16,,2023-11-05 00:00:00.000000,,,FREE
QRUQ1DGW,2023-07-22,,2023-08-22 00:00:00.000000,2023-08-06,,FREE
B67QBHDO,2023-02-28,,2023-06-28 00:00:00.000000,2023-10-20,,ENTERPRISE
L53RCSXC,2023-08-02,2023-08-26,2023-08-15 00:00:00.000000,2023-08-08,,FREE
Z5O9P870,2023-12-06,,2023-12-12 00:00:00.000000,2023-12-06,,PREMIUM
QHKEJJWL,2023-02-04,,2023-11-28 02:58:44.431338,2023-06-07,,PREMIUM
U2O10AN3,2023-02-19,,2023-03-07 00:00:00.000000,2023-03-20,2023-11-27,FREE
CVSFI7WE,2023-07-20,,2023-11-20 00:00:00.000000,2023-11-09,,PREMIUM
530QU71J,2023-10-26,2023-10-26,2023-10-26 00:00:00.000000,2023-10-26,,FREE
VFD9G8ED,2023-02-27,,2023-10-19 02:58:44.431338,2023-03-25,,FREE
Y7EK99KE,2023-08-19,,2023-11-26 00:00:00.000000,2023-09-18,2023-10-07,FREE
EO4WQPZK,2023-04-13,,2023-08-26 00:00:00.000000,2023-07-16,,PREMIUM
C6XA0SV9,2023-08-14,,2023-09-29 00:00:00.000000,2023-09-06,,FREE
A6Y54NGV,2023-03-19,,2023-09-14 00:00:00.000000,2023-04-13,,PREMIUM
PUR0K6JM,2023-11-20,,2023-12-03 00:00:00.000000,,,PREMIUM
MP4YV3MY,2023-01-29,,2023-04-11 00:00:00.000000,2023-09-08,2023-11-15,FREE
OHGFFZ6P,2023-03-19,,2023-10-18 02:58:44.431338,2023-06-04,,PREMIUM
B6AGI8IG,2023-02-02,,2023-02-11 00:00:00.000000,2023-11-04,,ENTERPRISE
074DHS37,2023-12-02,2023-12-05,2023-12-04 00:00:00.000000,,,ENTERPRISE
XU0OP431,2023-04-20,,2023-11-23 02:58:44.431338,,,PREMIUM
QPE26HKI,2023-05-02,,2023-12-10 02:58:44.431338,2023-08-09,,PREMIUM
XNIU4HTC,2023-02-07,,2023-09-27 00:00:00.000000,,,PREMIUM
BTONKOAI,2023-08-02,2023-11-12,2023-10-24 00:00:00.000000,2023-10-04,,PREMIUM
1YO6M8OJ,2023-01-28,,2023-10-18 02:58:44.431338,2023-08-01,2023-09-30,FREE
LRTJGK4T,2023-06-14,,2023-11-09 00:00:00.000000,2023-06-17,,PREMIUM
6K9H766P,2023-03-11,,2023-11-23 02:58:44.431338,,,PREMIUM
NRJI8H5M,2023-03-07,,2023-10-11 00:00:00.000000,,,FREE
IW6SH6ZK,2023-04-16,,2023-11-17 02:58:44.431338,2023-12-03,,PREMIUM
RING5FRM,2023-06-22,,2023-12-09 02:58:44.431338,2023-12-01,,PREMIUM
VMG7QXUY,2023-11-22,,2023-10-27 02:58:44.431338,2023-12-10,2023-12-13,FREE
1KRN7IX8,2023-09-14,,2023-12-06 02:58:44.431338,,,ENTERPRISE
5FC5MWU8,2023-08-15,,2023-09-01 00:00:00.000000,2023-12-06,,PREMIUM
GZQN5IBL,2023-01-19,,2023-12-06 00:00:00.000000,2023-11-08,,FREE
71YV85V3,2023-03-13,2023-11-22,2023-07-10 00:00:00.000000,2023-03-25,,FREE
ZML0M7ZD,2023-09-25,,2023-11-09 00:00:00.000000,,,PREMIUM
WMXGHE9P,2023-03-06,,2023-10-24 02:58:44.431338,,,PREMIUM
CGL8VWX2,2023-03-13,,2023-11-05 02:58:44.431338,2023-05-11,,FREE
P7VNUOFG,2023-01-29,,2023-07-13 00:00:00.000000,,,FREE
5RH5TEX5,2023-08-22,,2023-09-16 00:00:00.000000,2023-08-25,,ENTERPRISE
RNB9OVYF,2023-11-27,,2023-12-11 00:00:00.000000,2023-12-07,,FREE
0YILM47S,2023-05-03,,2023-11-10 02:58:44.431338,,,FREE
9P5QIWM2,2023-11-12,,2023-10-26 02:58:44.431338,,,FREE
JAGUYUWO,2023-03-30,,2023-11-03 00:00:00.000000,2023-05-10,,FREE
INAYKT37,2023-02-20,2023-04-23,2023-04-07 00:00:00.000000,,,PREMIUM
NSQ3WEPK,2023-05-01,,2023-05-27 00:00:00.000000,2023-09-02,,PREMIUM
NNW801TL,2023-03-21,,2023-10-28 02:58:44.431338,2023-10-23,,ENTERPRISE
QMGPXPTP,2023-08-16,,2023-12-12 02:58:44.431338,2023-09-23,2023-10-31,FREE
6Y4FKWMW,2023-07-06,,2023-08-26 00:00:00.000000,,,FREE
LOU3PQJO,2023-08-23,,2023-10-04 00:00:00.000000,2023-11-07,,FREE
31WWZ3R0,2023-08-08,2023-11-11,2023-10-24 00:00:00.000000,,,FREE
9S8JU3CR,2023-03-01,2023-04-13,2023-03-27 00:00:00.000000,2023-03-10,,FREE
S2Z8D7J5,2023-07-06,,2023-10-23 00:00:00.000000,,,PREMIUM
5P8YNHTL,2023-05-01,,2023-08-12 00:00:00.000000,2023-05-12,,ENTERPRISE
AGW06A2E,2023-09-10,,2023-11-06 00:00:00.000000,,,PREMIUM
U9VQB635,2023-05-06,,2023-11-06 02:58:44.431338,2023-07-20,,PREMIUM
TBTS82H3,2023-05-18,,2023-11-11 02:58:44.431338,2023-09-10,2023-10-13,PREMIUM
ZM61FKVQ,2023-06-17,,2023-12-10 02:58:44.431338,2023-11-03,,PREMIUM
APZ4ZGUB,2023-03-01,,2023-04-23 00:00:00.000000,2023-04-11,,PREMIUM
ZW55B0OP,2023-08-16,,2023-11-15 02:58:44.431338,2023-10-23,,PREMIUM
HXSR23FP,2023-09-18,,2023-11-26 00:00:00.000000,2023-11-03,,FREE
9TC1HE3R,2023-04-01,,2023-06-28 00:00:00.000000,2023-07-29,,FREE
6XGY2GGK,2023-01-18,,2023-11-22 02:58:44.431338,2023-12-13,,FREE
G851I2AP,2023-08-10,2023-11-05,2023-10-20 00:00:00.000000,,,PREMIUM
XZUUMMY9,2023-05-07,,2023-10-31 02:58:44.431338,2023-09-06,,FREE
FAAG22JJ,2023-08-20,,2023-11-09 02:58:44.431338,,,PREMIUM
PNFAE2DW,2023-10-03,,2023-10-14 02:58:44.431338,2023-10-03,2023-11-01,FREE
H45YYMUH,2023-08-26,,2023-12-07 02:58:44.431338,2023-09-24,2023-11-11,PREMIUM
8NHF0VDV,2023-07-13,,2023-08-24 00:00:00.000000,2023-09-25,,FREE
LXJ8M927,2023-06-14,2023-11-05,2023-09-05 00:00:00.000000,,,FREE
U8E2RV4M,2023-04-17,,2023-10-19 02:58:44.431338,,,FREE
FA6KWZCD,2023-05-12,2023-06-26,2023-06-01 00:00:00.000000,2023-05-20,2023-06-06,PREMIUM
WU4RFEFN,2023-11-08,,2023-11-21 00:00:00.000000,,,FREE
6B1FESFE,2023-08-28,,2023-08-30 00:00:00.000000,2023-10-13,,ENTERPRISE
4CWBZ9U8,2023-02-17,2023-06-08,2023-06-04 00:00:00.000000,,,PREMIUM
7SFF6QV5,2023-05-09,,2023-12-09 02:58:44.431338,2023-06-18,,PREMIUM
27M9TCY9,2023-07-13,,2023-11-09 02:58:44.431338,,,ENTERPRISE
ZWN2C0ZJ,2023-11-20,,2023-12-02 00:00:00.000000,2023-11-21,2023-11-22,PREMIUM
VHVFEKD0,2023-05-18,2023-07-25,2023-06-12 00:00:00.000000,2023-07-16,,FREE
BM9MQBT4,2023-11-21,,2023-11-25 00:00:00.000000,2023-12-01,,FREE
T7UCKLFM,2023-02-06,,2023-04-26 00:00:00.000000,,,FREE
6XDCAWYU,2023-06-13,,2023-12-13 02:58:44.431338,,,PREMIUM
9VQ1AP37,2023-12-10,,2023-10-18 02:58:44.431338,2023-12-10,,FREE
J1A8CPGZ,2023-01-02,,2023-12-12 02:58:44.431338,2023-04-16,2023-10-17,FREE
YAKBQEPT,2023-10-16,,2023-12-13 00:00:00.000000,,,PREMIUM
SYXI53LJ,2023-07-27,,2023-08-31 00:00:00.000000,2023-11-10,,PREMIUM
YEXT87RM,2023-07-16,,2023-08-25 00:00:00.000000,2023-11-14,,ENTERPRISE
E8DVITVY,2023-01-17,,2023-11-24 02:58:44.431338,2023-06-29,,ENTERPRISE
486Y5VU4,2023-02-10,,2023-08-26 00:00:00.000000,2023-10-24,,FREE
IOOYY8T0,2023-01-21,,2023-11-15 02:58:44.431338,2023-10-06,,FREE
PBLWCA4B,2023-05-09,,2023-12-06 00:00:00.000000,2023-10-06,,FREE
OP1G73NM,2023-08-23,,2023-11-25 02:58:44.431338,,,PREMIUM
91724XSO,2023-04-26,,2023-07-21 00:00:00.000000,2023-09-19,,FREE
OB5Z9UTN,2023-06-19,,2023-11-13 02:58:44.431338,2023-10-19,,FREE
Z5RLGJ1Y,2023-08-25,,2023-11-28 02:58:44.431338,,,FREE
U9XF3GE3,2023-09-12,,2023-11-09 02:58:44.431338,,,FREE
YL4RW2GO,2023-03-25,,2023-04-10 00:00:00.000000,2023-06-30,,ENTERPRISE
1SXKVKSM,2023-01-30,2023-05-03,2023-03-22 00:00:00.000000,2023-03-25,,FREE
UVM46ZF7,2023-08-19,,2023-11-21 02:58:44.431338,2023-10-02,,ENTERPRISE
B6BUIJY2,2023-06-27,,2023-07-30 00:00:00.000000,2023-09-16,,PREMIUM
MRRT9T8E,2023-05-15,2023-05-27,2023-05-16 00:00:00.000000,2023-05-16,,FREE
UIPGJ3LG,2023-08-29,2023-11-16,2023-10-18 00:00:00.000000,2023-10-29,,FREE
EAITUW7A,2023-04-12,,2023-06-12 00:00:00.000000,2023-06-09,,FREE
91IA9MN5,2023-08-05,,2023-09-19 00:00:00.000000,2023-12-03,2023-12-12,PREMIUM
2D099QOZ,2023-04-17,,2023-10-30 02:58:44.431338,,,FREE
267NVNUG,2023-03-24,,2023-12-12 00:00:00.000000,,,FREE
W1W1KWUF,2023-05-08,,2023-12-13 02:58:44.431338,2023-09-23,2023-10-27,FREE
KGFLPBMW,2023-07-15,,2023-12-09 00:00:00.000000,2023-11-21,,PREMIUM
IVT9B8UF,2023-11-01,,2023-11-28 00:00:00.000000,2023-12-09,2023-12-11,FREE
C8PJY2DI,2023-02-16,,2023-06-26 00:00:00.000000,,,FREE
ICL9FS7S,2023-01-01,,2023-10-18 02:58:44.431338,2023-03-09,,FREE
084J74OB,2023-11-20,,2023-11-30 00:00:00.000000,,,PREMIUM
Q4S0MKUT,2023-01-04,,2023-02-08 00:00:00.000000,2023-05-21,,PREMIUM
HZAFMKF8,2023-08-14,,2023-09-05 00:00:00.000000,2023-09-01,,FREE
INT9MYXO,2023-07-02,,2023-10-16 02:58:44.431338,2023-12-02,,PREMIUM
YQQQP1NY,2023-08-02,,2023-10-21 02:58:44.431338,2023-12-02,,PREMIUM
1LUG0EYJ,2023-11-03,,2023-11-21 02:58:44.431338,,,PREMIUM
I2D6HMDC,2023-11-03,,2023-11-01 02:58:44.431338,,,PREMIUM
LMR258O4,2023-06-08,,2023-11-15 02:58:44.431338,2023-11-22,,ENTERPRISE
HWE92F0Q,2023-07-20,,2023-09-01 00:00:00.000000,2023-08-27,2023-09-21,PREMIUM
COYZ9K56,2023-01-30,,2023-11-25 02:58:44.431338,2023-08-07,2023-11-17,PREMIUM
YC1QG34N,2023-06-15,,2023-11-21 02:58:44.431338,2023-09-21,,FREE
GK37EJDW,2023-04-06,,2023-11-30 00:00:00.000000,,,FREE
633ZQG3U,2023-07-30,,2023-11-26 02:58:44.431338,2023-09-16,,FREE
XNKFJY15,2023-04-17,,2023-11-13 02:58:44.431338,2023-07-12,2023-11-30,FREE
EZEOBTB0,2023-03-22,,2023-08-13 00:00:00.000000,2023-07-17,,FREE
S704CEMS,2023-10-15,,2023-10-29 00:00:00.000000,2023-10-25,,ENTERPRISE
2UJ00QYV,2023-08-07,,2023-08-30 00:00:00.000000,2023-09-27,2023-11-09,PREMIUM
MSMRV88G,2023-08-03,2023-09-29,2023-08-19 00:00:00.000000,,,ENTERPRISE
SCDG9R27,2023-05-03,,2023-10-30 02:58:44.431338,2023-06-24,,FREE
UHUEP0L2,2023-12-10,,2023-10-15 02:58:44.431338,,,FREE
PHPM1IUG,2023-02-27,,2023-04-29 00:00:00.000000,2023-10-11,,FREE
HMM5SS2V,2023-01-27,,2023-05-18 00:00:00.000000,,,PREMIUM
QQACBUDI,2023-05-12,,2023-06-12 00:00:00.000000,2023-09-01,2023-12-06,FREE
719SGK0G,2023-05-16,,2023-10-27 02:58:44.431338,2023-06-23,,FREE
I8LX3NTT,2023-10-11,,2023-11-13 02:58:44.431338,2023-10-20,,FREE
G2ND9PBP,2023-01-31,,2023-03-08 00:00:00.000000,2023-02-10,2023-05-25,FREE
42RLZE12,2023-04-17,,2023-09-20 00:00:00.000000,2023-06-06,,ENTERPRISE
FW5X7RGN,2023-04-11,,2023-06-16 00:00:00.000000,,,FREE
KE1CT53X,2023-09-19,,2023-10-18 02:58:44.431338,,,FREE
0DBGJREY,2023-11-02,,2023-11-11 00:00:00.000000,2023-11-30,,FREE
SHB49Y1U,2023-08-10,,2023-10-27 02:58:44.431338,2023-10-28,,PREMIUM
ATT9BD6D,2023-02-08,,2023-11-07 02:58:44.431338,2023-04-04,2023-09-15,FREE
0HN71MVV,2023-04-07,,2023-10-22 02:58:44.431338,,,PREMIUM
CGPDLFPV,2023-04-20,,2023-11-17 02:58:44.431338,,,PREMIUM
LL4SHHVY,2023-01-03,,2023-06-27 00:00:00.000000,2023-03-03,,PREMIUM
90MRN2DW,2023-06-24,,2023-11-09 02:58:44.431338,,,FREE
NJ4MCG14,2023-03-14,,2023-12-12 02:58:44.431338,2023-09-21,,FREE
FBSWJBEA,2023-05-15,,2023-11-15 02:58:44.431338,2023-08-12,,FREE
NE3HI8WK,2023-08-01,,2023-11-29 02:58:44.431338,2023-10-21,,FREE
S82A9TV6,2023-05-04,,2023-11-27 00:00:00.000000,,,PREMIUM
V29E9N9X,2023-12-03,2023-12-09,2023-12-07 00:00:00.000000,2023-12-08,2023-12-08,PREMIUM
1JLVIKIQ,2023-03-04,,2023-11-10 02:58:44.431338,2023-03-22,,FREE
DYFS50JP,2023-04-15,,2023-07-23 00:00:00.000000,,,PREMIUM
NNER918M,2023-07-19,,2023-12-06 02:58:44.431338,2023-10-27,2023-11-21,PREMIUM
40KMUSAP,2023-12-12,,2023-12-12 00:00:00.000000,,,FREE
OUYX7XF3,2023-05-16,,2023-10-21 02:58:44.431338,2023-08-24,,FREE
OW4SUQ93,2023-06-28,,2023-07-20 00:00:00.000000,,,FREE
WPIWI8YK,2023-02-13,,2023-03-02 00:00:00.000000,2023-06-26,,FREE
2OK7K7VE,2023-12-06,,2023-12-09 00:00:00.000000,2023-12-10,2023-12-11,FREE
R4ZIJJMJ,2023-08-14,2023-11-22,2023-09-25 00:00:00.000000,2023-09-16,,FREE
SE8NLN0X,2023-08-04,,2023-09-17 00:00:00.000000,,,FREE
NPV5AEPB,2023-03-25,,2023-08-19 00:00:00.000000,2023-07-07,2023-10-10,FREE
8R2MKP9R,2023-11-05,,2023-12-04 02:58:44.431338,,,FREE
LK44GJPM,2023-09-25,,2023-11-08 02:58:44.431338,2023-10-13,,FREE
8BTNNLZC,2023-10-24,,2023-10-29 00:00:00.000000,,,FREE
HCG2M13L,2023-10-05,,2023-10-25 02:58:44.431338,2023-11-25,,FREE
WI23K7IC,2023-02-02,,2023-10-21 02:58:44.431338,,,FREE
08NJSFEU,2023-08-11,,2023-12-07 00:00:00.000000,,,PREMIUM
USYCRU56,2023-10-01,,2023-11-03 02:58:44.431338,,,PREMIUM
P8JNR45B,2023-04-18,,2023-11-18 02:58:44.431338,,,FREE
BX0Q4DP5,2023-06-01,,2023-11-28 00:00:00.000000,,,FREE
MR013A51,2023-01-16,,2023-11-09 02:58:44.431338,,,FREE
QB66WSDK,2023-08-29,,2023-11-26 02:58:44.431338,,,FREE
QVSV1J2U,2023-02-24,,2023-11-22 00:00:00.000000,,,FREE
8XAW6JIN,2023-11-27,,2023-12-06 02:58:44.431338,,,FREE
ADOSZK3K,2023-03-20,2023-04-27,2023-03-24 00:00:00.000000,,,ENTERPRISE
FJJVFX2I,2023-04-01,,2023-11-12 02:58:44.431338,2023-11-08,,FREE
135MRWN3,2023-01-29,,2023-02-02 00:00:00.000000,2023-08-03,,FREE
TFCFRGZ1,2023-03-10,,2023-11-28 02:58:44.431338,,,ENTERPRISE
7MGLIVZ5,2023-04-30,,2023-10-17 00:00:00.000000,2023-07-06,2023-10-05,PREMIUM
2PHRUB0B,2023-09-05,,2023-10-06 00:00:00.000000,2023-10-03,,FREE
KDE9QXIQ,2023-12-09,,2023-11-01 02:58:44.431338,,,PREMIUM
B3OMOVU7,2023-11-23,,2023-11-20 02:58:44.431338,2023-12-04,,PREMIUM
YNZ9TQKE,2023-05-31,,2023-09-17 00:00:00.000000,2023-09-18,,PREMIUM
WBG8IGBK,2023-03-20,,2023-12-02 02:58:44.431338,2023-03-21,,FREE
0MABMK9L,2023-08-20,,2023-12-12 00:00:00.000000,2023-10-06,,FREE
WH4P9EMY,2023-09-15,2023-09-27,2023-09-16 00:00:00.000000,2023-09-24,,FREE
7HM8VR38,2023-06-10,,2023-11-05 02:58:44.431338,2023-06-22,,ENTERPRISE
C8XSQDAN,2023-09-15,2023-09-27,2023-09-16 00:00:00.000000,2023-09-24,,FREE
Y3CN59TT,2023-09-09,,2023-10-03 00:00:00.000000,,,PREMIUM
COGVT1ZO,2023-03-09,,2023-11-10 02:58:44.431338,2023-10-18,,PREMIUM
KDEJ4Q7X,2023-12-01,2023-12-03,2023-12-03 00:00:00.000000,2023-12-02,,FREE
8BDKD0SJ,2023-02-14,,2023-11-01 00:00:00.000000,,,FREE
T88USJ76,2023-08-01,,2023-11-11 00:00:00.000000,,,PREMIUM
H2I8Z9EP,2023-03-01,,2023-10-07 00:00:00.000000,,,FREE
9LY3643V,2023-01-13,,2023-03-30 00:00:00.000000,2023-10-19,,PREMIUM
KGANNEH2,2023-11-01,,2023-10-31 02:58:44.431338,,,FREE
NNKJXQ0S,2023-06-01,,2023-06-26 00:00:00.000000,2023-10-16,2023-12-10,ENTERPRISE
0YR18DM8,2023-07-28,2023-12-03,2023-07-30 00:00:00.000000,,,FREE
S5IQ6BFN,2023-07-18,,2023-10-11 00:00:00.000000,2023-09-24,,FREE
Z6RIKZPJ,2023-03-27,,2023-04-03 00:00:00.000000,2023-07-16,2023-09-17,ENTERPRISE
5NE07B3S,2023-03-15,,2023-06-28 00:00:00.000000,,,ENTERPRISE
GK2DQXJX,2023-04-18,,2023-10-02 00:00:00.000000,2023-04-19,,FREE
SAQBDKG7,2023-10-04,,2023-12-04 00:00:00.000000,2023-11-06,,FREE
253SGIY3,2023-01-02,,2023-06-05 00:00:00.000000,2023-10-03,2023-12-02,PREMIUM
R5AQVTPG,2023-11-30,,2023-12-07 02:58:44.431338,,,FREE
Y7EV7HT5,2023-05-03,,2023-10-29 02:58:44.431338,,,PREMIUM
XN7CBFGL,2023-02-07,,2023-08-27 00:00:00.000000,2023-04-30,,PREMIUM
0AWOS8GC,2023-01-23,,2023-11-24 00:00:00.000000,,,PREMIUM
S8Y7SLAO,2023-08-02,,2023-11-24 02:58:44.431338,2023-08-22,,FREE
VIHE7INY,2023-05-13,2023-09-03,2023-08-16 00:00:00.000000,,,FREE
JSKA0O8D,2023-08-08,2023-08-18,2023-08-09 00:00:00.000000,2023-08-13,,FREE
