user_id,register_date,unregister_date,last_login_date,gender,age,acquisition_source
LJJ0FG09,2023-10-22,,2023-11-01 19:39:01.494602,Female,42,Google-Ads
M7SGV0PB,2023-03-02,,2023-11-22 19:39:01.494602,Female,32,Google-Ads
NYLCGHEH,2023-10-17,2023-11-24,2023-11-24 00:00:00.000000,Female,49,Organic
5KIEXW9X,2023-10-15,,2023-10-14 19:39:01.494602,Female,28,Facebook
NAXQWY5Q,2023-08-17,,2023-12-06 19:39:01.494602,Female,23,Google-Ads
NJO5ROKQ,2023-01-14,2023-09-21,2023-09-17 00:00:00.000000,Female,39,Organic
NNR7TY0J,2023-04-04,,2023-12-04 19:39:01.494602,Female,50,Google-Ads
THBGI3D0,2023-03-27,,2023-10-25 19:39:01.494602,Female,44,Organic
PULH4NW5,2023-10-08,,2023-11-21 00:00:00.000000,Female,33,Facebook
UXJJMC3M,2023-08-15,,2023-11-15 19:39:01.494602,Male,23,Organic
02L3ZA53,2023-01-21,,2023-10-02 00:00:00.000000,Male,62,Google-Ads
TGOWHHF7,2023-09-09,2023-09-25,2023-09-23 00:00:00.000000,Male,33,Google-Ads
DLHOXA74,2023-09-11,,2023-11-20 00:00:00.000000,Female,56,Google-Ads
IRTK37KJ,2023-06-11,,2023-10-28 19:39:01.494602,Female,30,Facebook
34F5F5R2,2023-01-30,,2023-10-25 00:00:00.000000,Female,45,Facebook
QGYOT434,2023-04-05,,2023-10-16 19:39:01.494602,Female,52,Organic
BCQPPMG4,2023-08-25,,2023-11-01 19:39:01.494602,Male,29,Google-Ads
I3YXM6UE,2023-03-02,2023-03-29,2023-03-14 00:00:00.000000,Female,30,Google-Ads
HES1S9Z1,2023-11-09,,2023-11-22 00:00:00.000000,Male,21,Google-Ads
Q8VX9PI7,2023-07-11,,2023-11-26 19:39:01.494602,Male,63,Organic
9RN136OM,2023-04-24,,2023-05-30 00:00:00.000000,Female,63,Organic
JQ3G59GX,2023-11-19,,2023-12-05 19:39:01.494602,Female,20,Organic
B9HAK8FH,2023-03-04,2023-03-14,2023-03-07 00:00:00.000000,Female,61,Google-Ads
HZAV646B,2023-07-13,,2023-10-19 19:39:01.494602,Female,71,Google-Ads
4S6YGXAU,2023-02-15,,2023-08-05 00:00:00.000000,Female,23,Facebook
9O9SMOJ8,2023-11-14,,2023-10-25 19:39:01.494602,Male,25,Google-Ads
G8FK54RN,2023-04-13,,2023-10-20 19:39:01.494602,Female,52,Google-Ads
O929L0C1,2023-06-07,,2023-11-01 19:39:01.494602,Male,73,Organic
MOBBSAJD,2023-04-28,,2023-10-31 00:00:00.000000,Female,63,Google-Ads
MMM2DYZ5,2023-04-17,,2023-11-12 19:39:01.494602,Male,26,Google-Ads
G4PJ33MG,2023-10-22,,2023-12-07 00:00:00.000000,Female,23,Google-Ads
EOVTD1PS,2023-05-23,,2023-12-10 19:39:01.494602,Female,73,Facebook
6IN0470P,2023-05-11,,2023-09-27 00:00:00.000000,Male,25,Facebook
HBO8RTYM,2023-09-28,,2023-11-29 19:39:01.494602,Female,31,Google-Ads
X6SOJBUX,2023-11-26,,2023-10-22 19:39:01.494602,Male,20,Facebook
AE52KAHB,2023-05-27,,2023-11-04 19:39:01.494602,Female,24,Organic
G2D0FLL2,2023-05-15,,2023-09-11 00:00:00.000000,Female,38,Organic
N2DSA7OX,2023-09-05,,2023-10-08 00:00:00.000000,Female,70,Organic
HNEVQ9IL,2023-02-11,,2023-10-21 19:39:01.494602,Male,39,Organic
P607MVZT,2023-09-30,,2023-12-11 00:00:00.000000,Male,26,Organic
ZV206E3Q,2023-12-07,,2023-12-06 19:39:01.494602,Male,64,Facebook
0NAMWM0O,2023-08-12,2023-12-08,2023-11-01 00:00:00.000000,Male,33,Google-Ads
NJ7HQRA4,2023-07-29,,2023-12-02 19:39:01.494602,Male,70,Google-Ads
4PH2ML27,2023-02-21,,2023-09-12 00:00:00.000000,Female,57,Organic
8B8GNGU5,2023-05-15,,2023-09-09 00:00:00.000000,Female,34,Google-Ads
F313U4HS,2023-06-07,2023-12-08,2023-09-01 00:00:00.000000,Female,53,Google-Ads
PX63AEI9,2023-08-19,,2023-12-04 00:00:00.000000,Female,63,Google-Ads
004SYTRI,2023-02-09,2023-06-11,2023-05-28 00:00:00.000000,Male,34,Organic
M1VR1UCA,2023-01-28,,2023-06-17 00:00:00.000000,Female,71,Google-Ads
7PDOLMK3,2023-02-12,,2023-12-05 19:39:01.494602,Male,24,Google-Ads
3CSVFVR4,2023-08-22,,2023-10-27 00:00:00.000000,Male,19,Google-Ads
97IWB3KM,2023-11-15,,2023-12-08 00:00:00.000000,Male,56,Organic
3367DM5C,2023-09-25,,2023-11-14 19:39:01.494602,Female,21,Organic
NKJ5QNGJ,2023-06-06,,2023-10-12 19:39:01.494602,Male,53,Google-Ads
TL4JF7EU,2023-07-28,2023-10-04,2023-09-29 00:00:00.000000,Male,57,Google-Ads
S3OQXTDB,2023-05-24,,2023-10-14 19:39:01.494602,Female,66,Organic
R1JKQERD,2023-08-05,,2023-10-17 19:39:01.494602,Female,22,Google-Ads
WJDFX2MB,2023-07-04,,2023-10-24 00:00:00.000000,Female,41,Google-Ads
KWAVY2XM,2023-11-01,,2023-12-05 19:39:01.494602,Female,33,Google-Ads
CB8S2F3B,2023-06-10,,2023-10-24 19:39:01.494602,Male,38,Organic
MRSYKQKZ,2023-04-28,,2023-05-28 00:00:00.000000,Male,36,Facebook
ANZW8BBK,2023-04-13,,2023-10-22 19:39:01.494602,Female,73,Google-Ads
DQ2N4FK4,2023-11-20,,2023-11-21 00:00:00.000000,Female,53,Organic
CSTFOAVT,2023-11-23,,2023-12-07 00:00:00.000000,Male,37,Google-Ads
WKA1FU2C,2023-06-01,,2023-06-13 00:00:00.000000,Female,65,Google-Ads
DSJKOBJN,2023-06-23,,2023-11-03 19:39:01.494602,Female,70,Organic
18C6K578,2023-11-10,,2023-12-11 00:00:00.000000,Female,64,Google-Ads
MXJ4WVXY,2023-06-07,,2023-10-13 19:39:01.494602,Male,74,Facebook
TDYOEMCB,2023-11-06,,2023-10-20 19:39:01.494602,Male,57,Google-Ads
WCJOFCQ1,2023-01-12,,2023-10-30 19:39:01.494602,Male,68,Google-Ads
SS8VJJ4S,2023-03-23,,2023-12-09 19:39:01.494602,Female,49,Organic
GEAXMR94,2023-01-28,,2023-10-13 19:39:01.494602,Female,38,Organic
R4XXM2BK,2023-10-27,,2023-10-22 19:39:01.494602,Female,35,Google-Ads
LGZDWMGM,2023-10-02,,2023-11-22 19:39:01.494602,Male,25,Google-Ads
Z1G8LDXL,2023-01-29,,2023-12-03 19:39:01.494602,Male,28,Facebook
4EKPWU0D,2023-05-06,,2023-10-30 19:39:01.494602,Female,37,Google-Ads
HB45OVTS,2023-01-14,,2023-02-14 00:00:00.000000,Male,47,Google-Ads
6IWYQJF0,2023-08-23,,2023-12-07 00:00:00.000000,Male,38,Google-Ads
4OZ35VPI,2023-02-11,,2023-03-07 00:00:00.000000,Male,25,Organic
K263ZP09,2023-04-17,,2023-05-24 00:00:00.000000,Female,36,Organic
5CMK2CB0,2023-05-15,,2023-11-18 19:39:01.494602,Male,73,Google-Ads
V4QRNEF9,2023-04-27,,2023-11-14 19:39:01.494602,Female,23,Google-Ads
2K4X2JC7,2023-05-20,,2023-06-08 00:00:00.000000,Male,44,Facebook
EQNTT38E,2023-08-24,,2023-09-11 00:00:00.000000,Female,24,Organic
QFY0SFW7,2023-08-16,,2023-11-13 00:00:00.000000,Female,51,Google-Ads
9SCA7V8S,2023-11-26,,2023-12-05 00:00:00.000000,Female,61,Google-Ads
JC5MWE1M,2023-03-13,,2023-04-02 00:00:00.000000,Female,31,Organic
53ZYMT1U,2023-09-05,,2023-10-26 19:39:01.494602,Female,51,Organic
ZYLUMW7X,2023-07-24,,2023-08-14 00:00:00.000000,Male,53,Google-Ads
YCHPQX9T,2023-08-19,,2023-11-01 19:39:01.494602,Female,21,Facebook
3O9FXGUP,2023-06-04,,2023-07-17 00:00:00.000000,Male,42,Google-Ads
FM9AEPOM,2023-11-07,,2023-11-23 00:00:00.000000,Female,69,Google-Ads
7D6R5JZU,2023-07-18,2023-08-03,2023-07-20 00:00:00.000000,Female,45,Google-Ads
HPJLUIKB,2023-08-31,,2023-10-22 19:39:01.494602,Male,56,Organic
JJK63OXH,2023-11-19,,2023-12-10 00:00:00.000000,Male,40,Google-Ads
SR44K797,2023-08-12,,2023-10-03 00:00:00.000000,Male,60,Organic
PJDQIPZZ,2023-11-19,,2023-11-07 19:39:01.494602,Female,52,Google-Ads
ETCW1VTX,2023-02-05,,2023-07-30 00:00:00.000000,Female,73,Facebook
E8SNBIVE,2023-01-16,,2023-06-23 00:00:00.000000,Female,34,Google-Ads
TABMTXRL,2023-01-14,,2023-08-10 00:00:00.000000,Female,24,Organic
N8VARRRW,2023-08-20,2023-09-15,2023-09-03 00:00:00.000000,Female,41,Facebook
VW8K7VRX,2023-03-09,,2023-11-11 19:39:01.494602,Female,53,Organic
7ATMYLN7,2023-10-10,,2023-11-23 19:39:01.494602,Male,35,Facebook
NT1X1WAJ,2023-05-26,,2023-11-01 19:39:01.494602,Male,50,Google-Ads
1C7IBWEP,2023-10-12,,2023-11-17 00:00:00.000000,Female,49,Google-Ads
X5BIGLDF,2023-03-21,,2023-10-13 19:39:01.494602,Female,56,Google-Ads
CRK4NSF3,2023-09-09,2023-09-25,2023-09-24 00:00:00.000000,Female,20,Facebook
476FTUCU,2023-07-13,,2023-11-04 19:39:01.494602,Female,47,Organic
931E2KLU,2023-09-15,,2023-10-10 00:00:00.000000,Female,57,Google-Ads
08IOA6GN,2023-05-12,,2023-11-08 19:39:01.494602,Male,44,Facebook
LHFE2L23,2023-07-24,,2023-11-26 00:00:00.000000,Female,60,Google-Ads
0O434EGQ,2023-11-08,,2023-12-10 19:39:01.494602,Male,49,Google-Ads
P6ECGJ7G,2023-05-25,,2023-12-01 19:39:01.494602,Male,29,Organic
DWPEGOGY,2023-06-26,,2023-11-03 19:39:01.494602,Female,73,Facebook
0SPYVGPE,2023-10-06,,2023-12-06 19:39:01.494602,Female,53,Organic
N87N7VXE,2023-09-25,,2023-11-14 00:00:00.000000,Male,40,Facebook
HNDD87XL,2023-05-15,,2023-08-22 00:00:00.000000,Female,73,Facebook
Z7SDT71T,2023-12-09,2023-12-11,2023-12-11 00:00:00.000000,Female,19,Organic
72XOLS4L,2023-09-24,,2023-10-30 00:00:00.000000,Female,48,Google-Ads
YWOXP5D4,2023-09-05,,2023-10-25 19:39:01.494602,Female,51,Google-Ads
1ZHMFAP4,2023-08-30,,2023-10-30 19:39:01.494602,Male,37,Google-Ads
00RN24JW,2023-10-24,,2023-11-28 00:00:00.000000,Female,55,Organic
VD2ILQG0,2023-04-11,,2023-06-05 00:00:00.000000,Female,29,Facebook
4SFSRKWQ,2023-01-13,,2023-07-07 00:00:00.000000,Female,25,Organic
PNUXU5DM,2023-02-10,,2023-05-26 00:00:00.000000,Male,72,Facebook
0Z0N40DH,2023-07-09,,2023-08-28 00:00:00.000000,Female,32,Organic
RQ0B9IHP,2023-07-10,,2023-10-29 19:39:01.494602,Female,31,Facebook
A6U5TQWC,2023-02-10,,2023-04-18 00:00:00.000000,Male,46,Organic
BV2SX7LA,2023-04-24,2023-07-05,2023-06-16 00:00:00.000000,Female,61,Google-Ads
BGDJFH37,2023-08-16,,2023-10-26 19:39:01.494602,Male,36,Google-Ads
C5HQGI11,2023-11-15,,2023-11-22 19:39:01.494602,Male,58,Organic
DZFF06PQ,2023-05-14,,2023-11-19 19:39:01.494602,Female,52,Facebook
TJ510LIA,2023-03-19,,2023-12-10 19:39:01.494602,Female,27,Facebook
BQHG9MHB,2023-10-23,,2023-11-20 19:39:01.494602,Female,19,Organic
5RB3KNPN,2023-12-09,,2023-12-09 00:00:00.000000,Male,33,Organic
M3R4RJ86,2023-09-16,,2023-11-07 19:39:01.494602,Female,70,Organic
J9UJTNQ4,2023-04-30,,2023-11-06 19:39:01.494602,Female,66,Google-Ads
QV4G76BW,2023-11-07,2023-11-20,2023-11-10 00:00:00.000000,Female,35,Google-Ads
VV9LXGNX,2023-06-10,,2023-11-07 00:00:00.000000,Female,38,Google-Ads
EBWAE9TO,2023-01-08,,2023-10-30 19:39:01.494602,Female,52,Google-Ads
40JLSQ0I,2023-05-15,,2023-11-06 00:00:00.000000,Female,42,Google-Ads
DJ60YRN1,2023-03-13,,2023-03-14 00:00:00.000000,Male,38,Google-Ads
7Q0OCPIS,2023-01-27,,2023-11-04 19:39:01.494602,Male,67,Facebook
5QKSSHTS,2023-07-04,,2023-12-10 19:39:01.494602,Female,24,Google-Ads
IPASWUWP,2023-04-02,,2023-11-28 19:39:01.494602,Female,67,Google-Ads
OJMCH1VE,2023-08-31,,2023-12-09 19:39:01.494602,Female,44,Google-Ads
ENGAJ05V,2023-12-06,,2023-12-06 00:00:00.000000,Female,18,Google-Ads
XNQ95O3G,2023-03-19,,2023-09-17 00:00:00.000000,Female,38,Google-Ads
L7VMHVDV,2023-06-26,,2023-11-20 00:00:00.000000,Male,20,Organic
5LZ0DMLD,2023-11-02,,2023-11-25 00:00:00.000000,Female,28,Organic
R2EZORBX,2023-03-05,,2023-11-16 00:00:00.000000,Female,49,Organic
KHNAIFZD,2023-08-28,,2023-10-14 19:39:01.494602,Female,71,Facebook
66QRLHGR,2023-06-17,,2023-11-19 19:39:01.494602,Female,68,Google-Ads
QPWG4DUK,2023-04-09,,2023-10-09 00:00:00.000000,Male,38,Google-Ads
VHHOFYCQ,2023-05-30,,2023-08-25 00:00:00.000000,Male,33,Organic
KJ6QE7HX,2023-02-21,,2023-05-20 00:00:00.000000,Female,62,Organic
77R7UIJU,2023-06-24,,2023-10-28 00:00:00.000000,Male,48,Google-Ads
FOEKSM7F,2023-03-22,,2023-11-20 19:39:01.494602,Female,73,Google-Ads
N1S6OLI9,2023-08-27,,2023-11-06 19:39:01.494602,Female,34,Organic
X8PIXTP2,2023-06-25,,2023-10-16 19:39:01.494602,Female,45,Google-Ads
MO2ZXR8S,2023-01-20,,2023-11-02 19:39:01.494602,Male,56,Google-Ads
1XCSNFYU,2023-07-23,2023-11-03,2023-09-09 00:00:00.000000,Female,68,Facebook
9L7RPFCM,2023-07-06,,2023-11-16 19:39:01.494602,Female,37,Organic
ERCXBFO9,2023-06-09,,2023-11-12 19:39:01.494602,Female,69,Google-Ads
EYGO0QMS,2023-05-31,,2023-11-29 19:39:01.494602,Male,28,Google-Ads
9BNFL7UW,2023-10-27,,2023-10-31 00:00:00.000000,Female,53,Google-Ads
407JEMVW,2023-08-26,2023-09-14,2023-09-03 00:00:00.000000,Male,72,Google-Ads
V6H39UTA,2023-07-14,,2023-11-25 19:39:01.494602,Female,56,Google-Ads
TXY406YV,2023-12-11,,2023-12-11 00:00:00.000000,Female,28,Facebook
AWO3PYR4,2023-05-17,2023-10-17,2023-06-25 00:00:00.000000,Female,36,Facebook
MGX4V3EU,2023-10-04,,2023-10-29 19:39:01.494602,Female,54,Organic
1A9DF2ZF,2023-08-13,,2023-08-24 00:00:00.000000,Female,71,Google-Ads
Y521XW5X,2023-08-28,,2023-11-27 00:00:00.000000,Female,32,Google-Ads
EWXYVO0V,2023-04-30,,2023-09-06 00:00:00.000000,Female,53,Google-Ads
6PTJSVKD,2023-03-05,,2023-04-06 00:00:00.000000,Female,32,Facebook
ENHDXAIM,2023-05-06,,2023-08-20 00:00:00.000000,Male,31,Google-Ads
C25VGIEC,2023-09-02,,2023-10-07 00:00:00.000000,Male,63,Google-Ads
65VWNUCQ,2023-09-03,,2023-11-09 00:00:00.000000,Female,63,Facebook
157BO5R3,2023-02-01,,2023-10-12 19:39:01.494602,Female,69,Google-Ads
29AJ8MHD,2023-07-11,2023-09-27,2023-08-30 00:00:00.000000,Female,49,Google-Ads
E5Y0T6MP,2023-10-30,,2023-11-05 00:00:00.000000,Male,63,Organic
F1SUYE0O,2023-11-16,,2023-11-20 19:39:01.494602,Female,52,Google-Ads
PC8FF435,2023-09-13,,2023-11-28 19:39:01.494602,Male,71,Organic
N75B3FW8,2023-09-17,,2023-11-10 19:39:01.494602,Male,56,Google-Ads
OCT2OEQL,2023-08-02,,2023-11-13 19:39:01.494602,Female,33,Google-Ads
18P0ZNAN,2023-02-26,,2023-11-07 19:39:01.494602,Female,32,Google-Ads
WUIFFLPV,2023-04-15,,2023-07-21 00:00:00.000000,Male,44,Organic
N54T06VU,2023-01-19,,2023-12-03 00:00:00.000000,Male,67,Google-Ads
YQXFVSHS,2023-10-27,,2023-11-11 00:00:00.000000,Female,19,Organic
Q560HXJQ,2023-02-24,,2023-07-27 00:00:00.000000,Male,47,Google-Ads
CQE46DLF,2023-03-10,2023-08-27,2023-06-17 00:00:00.000000,Female,65,Google-Ads
3J0B5XHR,2023-11-14,,2023-11-15 19:39:01.494602,Female,30,Organic
R37GL8MT,2023-07-02,,2023-11-15 19:39:01.494602,Male,32,Google-Ads
TSCKQGIF,2023-06-07,,2023-11-14 19:39:01.494602,Male,31,Facebook
5WBH4SJI,2023-05-24,,2023-11-04 00:00:00.000000,Male,42,Google-Ads
D2ESI2US,2023-05-27,,2023-10-14 19:39:01.494602,Male,31,Organic
2F8F5V53,2023-04-19,,2023-07-16 00:00:00.000000,Male,51,Facebook
TDGTISQD,2023-06-24,,2023-11-20 19:39:01.494602,Male,42,Facebook
1SAO2ETW,2023-12-11,,2023-12-11 00:00:00.000000,Female,49,Facebook
AEZS2L34,2023-03-24,,2023-09-20 00:00:00.000000,Female,48,Facebook
6GDDS5YJ,2023-04-04,,2023-11-30 19:39:01.494602,Female,58,Google-Ads
1XTGZBIZ,2023-02-25,,2023-11-02 00:00:00.000000,Male,51,Google-Ads
BHK75T1Y,2023-07-29,,2023-08-25 00:00:00.000000,Male,20,Organic
CQ5F9CD6,2023-08-08,,2023-12-01 00:00:00.000000,Male,57,Google-Ads
GH4Z5GMW,2023-12-04,,2023-10-15 19:39:01.494602,Female,20,Organic
2VX6Q1TS,2023-11-17,,2023-11-24 00:00:00.000000,Female,25,Facebook
W1BD6HGZ,2023-03-07,,2023-03-21 00:00:00.000000,Female,55,Organic
Z1YPJIV8,2023-03-30,,2023-11-20 19:39:01.494602,Male,71,Organic
KAB8TIJO,2023-04-05,,2023-04-29 00:00:00.000000,Female,59,Google-Ads
WBRT05X5,2023-10-26,,2023-11-02 19:39:01.494602,Male,55,Google-Ads
PVPZ964K,2023-07-07,,2023-11-30 19:39:01.494602,Female,41,Organic
4ZUY2501,2023-10-23,,2023-12-06 00:00:00.000000,Female,70,Organic
P1URNGKQ,2023-09-08,,2023-12-07 00:00:00.000000,Male,54,Facebook
4526079W,2023-08-05,,2023-11-24 00:00:00.000000,Female,27,Organic
V2C9N8Y3,2023-01-06,,2023-11-03 19:39:01.494602,Female,52,Organic
55WUG2L7,2023-06-13,,2023-11-03 19:39:01.494602,Female,19,Google-Ads
437JWTXV,2023-01-19,,2023-02-12 00:00:00.000000,Male,51,Google-Ads
NVDCJZLD,2023-10-05,2023-12-01,2023-10-11 00:00:00.000000,Female,24,Facebook
JWTT8XMG,2023-07-19,,2023-08-15 00:00:00.000000,Female,73,Facebook
WBXWZ1HT,2023-10-20,,2023-12-11 00:00:00.000000,Female,26,Google-Ads
LNYMXOPH,2023-04-11,,2023-12-03 19:39:01.494602,Male,45,Google-Ads
11FFF4GA,2023-10-10,,2023-12-01 00:00:00.000000,Male,51,Facebook
5GO4J4VW,2023-06-25,2023-10-26,2023-10-23 00:00:00.000000,Female,68,Google-Ads
A1BSI228,2023-10-29,,2023-11-20 19:39:01.494602,Male,29,Google-Ads
BGWUCQHW,2023-04-28,,2023-10-28 19:39:01.494602,Female,39,Facebook
VS8BPJEX,2023-03-20,,2023-11-17 19:39:01.494602,Male,65,Facebook
1P7ZKE7N,2023-04-02,,2023-11-10 19:39:01.494602,Female,32,Google-Ads
YZMZD3EK,2023-09-16,,2023-11-21 19:39:01.494602,Male,41,Google-Ads
T8HT51NO,2023-08-19,,2023-12-01 19:39:01.494602,Female,67,Google-Ads
0L4R7RU1,2023-09-03,,2023-11-29 19:39:01.494602,Female,34,Organic
UCNW5EMN,2023-09-07,,2023-11-26 00:00:00.000000,Male,37,Facebook
RU9RVQOO,2023-11-11,,2023-12-10 00:00:00.000000,Female,40,Facebook
HUQ78BVI,2023-07-25,,2023-11-23 19:39:01.494602,Male,61,Google-Ads
0OHAW6XF,2023-03-13,,2023-11-05 19:39:01.494602,Male,25,Organic
E0CD5RF0,2023-10-15,,2023-12-01 00:00:00.000000,Female,29,Organic
WHPL7NTK,2023-11-15,2023-11-19,2023-11-18 00:00:00.000000,Male,21,Organic
Z68Y9HS6,2023-02-26,,2023-11-17 00:00:00.000000,Female,49,Google-Ads
JEKGSIS0,2023-08-18,2023-11-10,2023-10-26 00:00:00.000000,Female,48,Facebook
KJCH2CUK,2023-04-08,,2023-05-21 00:00:00.000000,Female,49,Organic
1A36N1XU,2023-02-16,,2023-10-19 19:39:01.494602,Male,58,Google-Ads
LDC78Z55,2023-10-13,,2023-11-21 19:39:01.494602,Male,33,Organic
PVCVZAE7,2023-04-01,,2023-10-21 19:39:01.494602,Female,72,Organic
4JGZ0N9A,2023-10-28,,2023-11-15 00:00:00.000000,Female,67,Google-Ads
MLTM6SZE,2023-11-01,,2023-12-07 00:00:00.000000,Male,36,Google-Ads
MRRFTX5X,2023-10-24,,2023-11-30 00:00:00.000000,Female,28,Google-Ads
BDNPMXMO,2023-10-21,,2023-12-04 00:00:00.000000,Female,50,Organic
6DJ1UO79,2023-07-03,,2023-11-29 19:39:01.494602,Female,39,Facebook
RZZMWH9W,2023-02-09,,2023-10-13 19:39:01.494602,Female,29,Google-Ads
03WNRA0M,2023-08-06,,2023-11-18 19:39:01.494602,Female,32,Facebook
GISAWLCR,2023-06-16,,2023-10-17 19:39:01.494602,Female,62,Google-Ads
HW5K50IO,2023-12-01,2023-12-03,2023-12-02 00:00:00.000000,Female,21,Organic
QOZGNL9O,2023-03-20,,2023-05-02 00:00:00.000000,Male,68,Organic
KMCTSPPV,2023-01-06,,2023-02-24 00:00:00.000000,Male,19,Google-Ads
HHQKDQ90,2023-05-18,,2023-10-20 19:39:01.494602,Male,60,Organic
4J8K44RY,2023-01-29,,2023-10-18 19:39:01.494602,Female,52,Google-Ads
ML2B28UX,2023-06-20,,2023-11-09 19:39:01.494602,Female,39,Google-Ads
4LI6FXYE,2023-01-30,,2023-10-31 00:00:00.000000,Female,39,Facebook
Z3U9055J,2023-04-16,2023-05-21,2023-04-21 00:00:00.000000,Male,38,Facebook
3ZE1X1HL,2023-04-05,2023-06-16,2023-06-02 00:00:00.000000,Male,34,Google-Ads
1D3ZDK24,2023-06-12,,2023-10-24 19:39:01.494602,Female,37,Google-Ads
HS2GBMPE,2023-02-12,,2023-10-03 00:00:00.000000,Female,30,Google-Ads
CVYK2140,2023-01-10,,2023-12-10 19:39:01.494602,Female,61,Facebook
B6YTGO8M,2023-01-13,,2023-11-23 00:00:00.000000,Male,49,Organic
M9L1UCP6,2023-10-29,,2023-10-31 00:00:00.000000,Female,50,Organic
242A74U8,2023-04-27,,2023-11-27 19:39:01.494602,Female,36,Facebook
GTHZMBBK,2023-09-24,,2023-10-25 00:00:00.000000,Male,40,Organic
LZBL3PG8,2023-09-21,,2023-10-11 00:00:00.000000,Male,29,Organic
TTN34HF2,2023-11-25,,2023-10-19 19:39:01.494602,Male,59,Facebook
WT5F2DLF,2023-07-10,,2023-11-20 19:39:01.494602,Female,27,Organic
TKBC2785,2023-05-13,,2023-05-29 00:00:00.000000,Female,35,Organic
3D84ZTLP,2023-05-18,,2023-11-02 19:39:01.494602,Male,33,Google-Ads
0UWQOEGM,2023-01-11,,2023-03-28 00:00:00.000000,Female,63,Google-Ads
PZF5J1V9,2023-11-03,,2023-11-17 19:39:01.494602,Male,36,Google-Ads
BWKRZ58P,2023-08-13,,2023-10-31 19:39:01.494602,Female,20,Google-Ads
DNAFZHWN,2023-05-27,,2023-11-06 19:39:01.494602,Male,58,Google-Ads
GIDNRMB3,2023-07-09,,2023-09-14 00:00:00.000000,Male,32,Google-Ads
PIS0JNNT,2023-08-05,,2023-08-30 00:00:00.000000,Female,63,Google-Ads
VDR381UX,2023-05-28,,2023-08-24 00:00:00.000000,Female,50,Google-Ads
JV3QB5T6,2023-03-12,,2023-12-08 19:39:01.494602,Female,30,Google-Ads
J13QSKNP,2023-07-28,,2023-09-28 00:00:00.000000,Female,74,Organic
PWBWES7D,2023-01-31,,2023-04-23 00:00:00.000000,Female,18,Google-Ads
36NLH2PH,2023-11-06,,2023-11-26 00:00:00.000000,Female,32,Facebook
LT2SIKHI,2023-07-04,,2023-10-14 19:39:01.494602,Female,58,Facebook
S8839HZ3,2023-02-03,,2023-12-10 00:00:00.000000,Male,46,Google-Ads
OX36VUBC,2023-02-08,,2023-11-29 19:39:01.494602,Male,43,Organic
KU4LAMW0,2023-10-26,,2023-11-11 19:39:01.494602,Female,44,Google-Ads
82L68XA6,2023-08-25,,2023-10-12 19:39:01.494602,Female,60,Organic
MDVRX7EP,2023-09-22,,2023-11-11 19:39:01.494602,Female,22,Organic
CLIO1PAC,2023-07-06,,2023-11-11 19:39:01.494602,Female,64,Facebook
F5VQKXYK,2023-12-01,,2023-11-09 19:39:01.494602,Female,38,Google-Ads
RQ6IA3T5,2023-02-04,,2023-05-30 00:00:00.000000,Male,24,Organic
K6937OJS,2023-05-19,,2023-10-30 19:39:01.494602,Female,72,Facebook
HPBYA09X,2023-05-24,,2023-10-14 00:00:00.000000,Male,57,Google-Ads
1D3T9R7F,2023-11-13,,2023-12-01 19:39:01.494602,Female,47,Google-Ads
CC6R9KRM,2023-08-29,,2023-09-15 00:00:00.000000,Female,26,Facebook
IWI5F15R,2023-04-23,,2023-10-23 19:39:01.494602,Female,72,Google-Ads
REP2QVBF,2023-04-04,2023-05-04,2023-04-11 00:00:00.000000,Male,61,Facebook
GIWV5SS5,2023-06-24,2023-07-02,2023-06-25 00:00:00.000000,Male,72,Google-Ads
0HVTMML3,2023-08-18,2023-12-02,2023-10-02 00:00:00.000000,Male,61,Facebook
3TMO6XT2,2023-07-16,,2023-11-25 19:39:01.494602,Female,33,Organic
XNN1MZ5O,2023-10-28,,2023-11-10 00:00:00.000000,Female,31,Facebook
CCUJ662X,2023-06-18,,2023-10-16 19:39:01.494602,Female,55,Organic
NUM6VGXA,2023-07-28,,2023-12-01 19:39:01.494602,Female,31,Google-Ads
UNH1Q88D,2023-10-14,,2023-11-01 00:00:00.000000,Female,67,Organic
9XQAYWB1,2023-11-06,,2023-12-08 00:00:00.000000,Female,20,Google-Ads
4FUWG1PY,2023-07-03,,2023-09-10 00:00:00.000000,Female,55,Google-Ads
RJIWY7ZF,2023-07-24,2023-12-10,2023-08-18 00:00:00.000000,Female,70,Google-Ads
K3WCN7QX,2023-03-28,,2023-10-13 19:39:01.494602,Female,18,Google-Ads
54KW37RT,2023-11-14,,2023-11-29 19:39:01.494602,Female,72,Organic
FVGB6J33,2023-05-02,,2023-11-02 00:00:00.000000,Male,27,Organic
RE6B80ZC,2023-05-30,,2023-11-25 19:39:01.494602,Female,18,Organic
0BLYMNFM,2023-05-05,,2023-08-15 00:00:00.000000,Female,25,Google-Ads
P9G78S3S,2023-08-12,,2023-09-01 00:00:00.000000,Male,66,Google-Ads
4BOZJ5N8,2023-10-29,,2023-11-25 19:39:01.494602,Male,28,Organic
H5YCT4O6,2023-11-25,,2023-12-07 00:00:00.000000,Female,72,Google-Ads
A7EXJ6LD,2023-01-09,,2023-10-31 19:39:01.494602,Female,59,Google-Ads
5UOFJMF2,2023-03-20,,2023-11-06 19:39:01.494602,Female,72,Facebook
96U8002V,2023-05-04,,2023-10-23 19:39:01.494602,Female,52,Organic
0UEWVHI1,2023-04-22,,2023-07-07 00:00:00.000000,Female,37,Google-Ads
D4PD76EE,2023-07-03,,2023-07-23 00:00:00.000000,Female,41,Google-Ads
QUV09JGP,2023-11-15,,2023-11-04 19:39:01.494602,Female,32,Organic
8GHOTAR8,2023-09-27,,2023-11-18 00:00:00.000000,Female,64,Facebook
E9AJ7ONZ,2023-03-30,,2023-10-22 19:39:01.494602,Male,38,Google-Ads
GEOASFUR,2023-02-06,,2023-08-09 00:00:00.000000,Female,62,Google-Ads
7JFRKPJG,2023-05-30,,2023-10-22 19:39:01.494602,Male,38,Organic
OBVF476X,2023-06-06,,2023-12-04 19:39:01.494602,Male,47,Google-Ads
K8BDEEG6,2023-09-29,,2023-10-31 19:39:01.494602,Male,61,Google-Ads
RIW5BEAT,2023-10-10,,2023-12-09 00:00:00.000000,Male,71,Organic
53PFII0Y,2023-04-14,,2023-10-15 19:39:01.494602,Male,51,Facebook
HMIUG9BJ,2023-06-05,,2023-07-15 00:00:00.000000,Female,48,Facebook
7VC9B4Y6,2023-09-27,,2023-11-14 00:00:00.000000,Male,34,Google-Ads
RSGTECDU,2023-02-09,,2023-10-22 19:39:01.494602,Male,26,Google-Ads
W3RL6QNN,2023-01-13,,2023-03-25 00:00:00.000000,Female,42,Facebook
8UJ6FX3F,2023-08-08,,2023-12-07 00:00:00.000000,Male,40,Facebook
S2HAW06U,2023-09-01,,2023-11-25 00:00:00.000000,Female,26,Organic
QHYA33WQ,2023-07-19,,2023-12-10 19:39:01.494602,Male,30,Organic
PR3SA65O,2023-10-20,2023-11-19,2023-11-06 00:00:00.000000,Female,71,Google-Ads
CEAEBCOK,2023-03-23,,2023-10-23 19:39:01.494602,Female,39,Google-Ads
C6RRBJ0V,2023-02-05,,2023-11-17 19:39:01.494602,Female,62,Organic
WKA3LUA1,2023-03-16,,2023-12-06 19:39:01.494602,Male,30,Google-Ads
18B3AYLO,2023-09-15,,2023-11-28 00:00:00.000000,Male,47,Google-Ads
POTLE09U,2023-05-22,,2023-08-09 00:00:00.000000,Male,50,Google-Ads
XB3YHA37,2023-09-30,,2023-11-04 00:00:00.000000,Female,41,Google-Ads
HNUXYU9Y,2023-11-19,,2023-12-09 00:00:00.000000,Female,52,Organic
LINZ4W0F,2023-02-03,,2023-12-11 19:39:01.494602,Female,36,Google-Ads
A0OYQ34F,2023-10-29,,2023-10-18 19:39:01.494602,Female,21,Organic
FNFQXPLN,2023-04-25,2023-10-05,2023-08-30 00:00:00.000000,Male,64,Google-Ads
DZRC31QV,2023-02-28,,2023-12-02 19:39:01.494602,Female,58,Google-Ads
IJQVQ0JO,2023-01-11,,2023-03-15 00:00:00.000000,Female,21,Google-Ads
ECHDR4EN,2023-06-04,,2023-08-09 00:00:00.000000,Male,52,Google-Ads
K0AYJH10,2023-02-16,,2023-12-09 19:39:01.494602,Male,68,Organic
ZUS97AD6,2023-08-16,,2023-10-22 19:39:01.494602,Male,59,Organic
JL2N3UES,2023-09-10,,2023-11-21 00:00:00.000000,Male,35,Facebook
BZCT28DL,2023-02-23,,2023-07-03 00:00:00.000000,Male,42,Google-Ads
25KKFQAT,2023-01-15,,2023-08-12 00:00:00.000000,Female,57,Organic
IDIZAV0Q,2023-06-20,,2023-07-05 00:00:00.000000,Male,21,Google-Ads
LPSPFCAQ,2023-02-17,,2023-07-25 00:00:00.000000,Male,44,Facebook
SI17U8CW,2023-07-04,2023-07-08,2023-07-04 00:00:00.000000,Male,63,Organic
AV60U4ZM,2023-01-29,,2023-11-14 19:39:01.494602,Male,50,Facebook
Y70A2MLZ,2023-08-21,,2023-09-18 00:00:00.000000,Female,39,Google-Ads
BFQ6IH96,2023-01-26,,2023-05-06 00:00:00.000000,Female,48,Facebook
7VBY5XV5,2023-08-23,2023-10-04,2023-09-22 00:00:00.000000,Female,21,Organic
V8OZX1QX,2023-04-18,,2023-11-04 19:39:01.494602,Male,51,Organic
6IZ38XU3,2023-03-26,,2023-07-10 00:00:00.000000,Male,73,Facebook
C32W4391,2023-09-03,2023-10-04,2023-09-16 00:00:00.000000,Female,57,Google-Ads
M7WKJQPJ,2023-07-09,2023-10-25,2023-09-25 00:00:00.000000,Female,32,Organic
95MNARI1,2023-10-07,,2023-12-07 19:39:01.494602,Male,56,Google-Ads
PQE1T4N6,2023-01-15,,2023-10-30 00:00:00.000000,Male,41,Facebook
9MXQ07V4,2023-01-19,,2023-10-31 19:39:01.494602,Male,59,Google-Ads
6AELGE5Y,2023-09-17,,2023-10-19 00:00:00.000000,Female,66,Google-Ads
149PWVHQ,2023-08-14,,2023-12-04 19:39:01.494602,Female,70,Organic
28PKFRG0,2023-07-25,,2023-10-26 00:00:00.000000,Female,61,Google-Ads
UIZUKHTS,2023-08-13,,2023-11-01 19:39:01.494602,Female,49,Google-Ads
ASDL80VK,2023-07-14,,2023-11-22 19:39:01.494602,Male,32,Google-Ads
OWBU2XXC,2023-11-17,,2023-11-30 00:00:00.000000,Female,54,Google-Ads
361U239V,2023-07-30,,2023-10-23 00:00:00.000000,Male,53,Google-Ads
SYS0PF5E,2023-07-07,,2023-10-21 00:00:00.000000,Female,51,Organic
VXIW6Q57,2023-07-14,,2023-11-06 19:39:01.494602,Female,74,Google-Ads
XCAU3PS9,2023-04-22,,2023-11-14 19:39:01.494602,Male,27,Google-Ads
ZZ44360F,2023-05-17,,2023-11-12 00:00:00.000000,Female,27,Organic
XM232GD4,2023-04-04,,2023-10-19 19:39:01.494602,Male,35,Facebook
GJGXOK52,2023-02-10,,2023-05-27 00:00:00.000000,Female,70,Facebook
JWVXK7S7,2023-06-08,2023-11-20,2023-07-23 00:00:00.000000,Female,23,Google-Ads
7US6VV4N,2023-05-27,2023-06-12,2023-06-01 00:00:00.000000,Male,69,Facebook
Q4A1ZOM5,2023-07-13,,2023-11-24 19:39:01.494602,Male,40,Google-Ads
V8HJC23N,2023-02-17,2023-05-11,2023-03-24 00:00:00.000000,Male,20,Google-Ads
8PCF23DQ,2023-11-06,,2023-11-18 00:00:00.000000,Male,51,Facebook
632LVV89,2023-07-13,2023-09-18,2023-07-29 00:00:00.000000,Male,49,Google-Ads
7WMMBDYX,2023-05-25,,2023-11-15 19:39:01.494602,Female,34,Google-Ads
OPFFCZ2B,2023-10-09,,2023-11-16 00:00:00.000000,Female,71,Google-Ads
ORAIQWEO,2023-10-26,,2023-11-11 19:39:01.494602,Female,51,Google-Ads
MM3CMUAV,2023-06-11,,2023-08-11 00:00:00.000000,Male,25,Google-Ads
4OZFMWPU,2023-06-08,,2023-07-30 00:00:00.000000,Female,44,Organic
NXVA8W78,2023-09-29,,2023-11-27 19:39:01.494602,Male,71,Facebook
ZP8VCBAL,2023-07-19,,2023-11-11 19:39:01.494602,Female,58,Google-Ads
VJ177QPE,2023-05-13,,2023-11-25 00:00:00.000000,Male,40,Organic
HADE7PPN,2023-01-09,,2023-06-21 00:00:00.000000,Male,58,Facebook
2D5CXM3R,2023-09-25,2023-09-25,2023-09-25 00:00:00.000000,Female,53,Google-Ads
784YKINW,2023-09-13,,2023-10-07 00:00:00.000000,Female,36,Google-Ads
6K2CP44T,2023-03-28,,2023-10-26 19:39:01.494602,Male,49,Facebook
KEAX0Z04,2023-06-28,2023-11-01,2023-09-01 00:00:00.000000,Female,67,Organic
SRVCNS5O,2023-07-19,,2023-11-10 19:39:01.494602,Male,54,Google-Ads
SR6T256P,2023-01-04,,2023-04-20 00:00:00.000000,Female,65,Organic
04X83LHU,2023-03-25,,2023-11-29 19:39:01.494602,Female,51,Google-Ads
MAJPKLAX,2023-10-26,,2023-12-09 19:39:01.494602,Male,33,Organic
Y5L2Y1BJ,2023-02-02,,2023-12-07 19:39:01.494602,Female,46,Organic
R8X9TS03,2023-10-11,,2023-11-30 19:39:01.494602,Female,38,Facebook
IN8Q6ATB,2023-09-17,,2023-12-09 19:39:01.494602,Male,22,Google-Ads
GOYNLPZR,2023-06-23,,2023-07-22 00:00:00.000000,Male,22,Google-Ads
VLFBG3AC,2023-12-07,,2023-11-19 19:39:01.494602,Male,27,Organic
ON4Q7S4M,2023-02-12,,2023-12-11 19:39:01.494602,Male,51,Organic
O6565DKW,2023-11-20,,2023-11-14 19:39:01.494602,Female,40,Google-Ads
V4D3X6U2,2023-10-17,2023-11-08,2023-10-21 00:00:00.000000,Female,19,Facebook
FXABW9T4,2023-11-29,,2023-12-10 19:39:01.494602,Female,50,Google-Ads
K4ENW6AN,2023-10-29,,2023-11-14 00:00:00.000000,Male,73,Organic
E8Y44TTQ,2023-10-10,2023-11-28,2023-10-22 00:00:00.000000,Female,27,Google-Ads
AQYJM334,2023-06-27,,2023-12-07 00:00:00.000000,Male,25,Organic
IDM1BPIS,2023-09-06,,2023-11-29 19:39:01.494602,Female,30,Google-Ads
AA7RXSCK,2023-05-19,,2023-12-05 19:39:01.494602,Male,28,Google-Ads
3GSXN0TT,2023-09-15,2023-09-21,2023-09-16 00:00:00.000000,Female,38,Google-Ads
X6O67Y3V,2023-04-17,2023-11-12,2023-07-15 00:00:00.000000,Female,58,Facebook
YXPY8GE6,2023-09-24,,2023-12-07 00:00:00.000000,Female,67,Google-Ads
B16LHYTK,2023-09-29,,2023-11-24 00:00:00.000000,Female,24,Google-Ads
WZMA4OOQ,2023-06-28,,2023-09-07 00:00:00.000000,Female,24,Google-Ads
7JF9GEBW,2023-05-31,,2023-11-29 00:00:00.000000,Female,39,Google-Ads
MDIJDBNP,2023-09-22,,2023-11-02 19:39:01.494602,Male,74,Google-Ads
KV9OK3JF,2023-04-13,,2023-11-25 19:39:01.494602,Female,73,Organic
2B550N93,2023-10-25,,2023-12-11 19:39:01.494602,Female,53,Google-Ads
PSTSZ2M3,2023-03-20,,2023-04-10 00:00:00.000000,Female,30,Facebook
3JQNSEIX,2023-10-18,,2023-11-06 00:00:00.000000,Male,74,Facebook
OR8ML6J3,2023-02-10,,2023-12-03 19:39:01.494602,Female,32,Google-Ads
0444YCSO,2023-07-06,2023-07-30,2023-07-28 00:00:00.000000,Female,71,Facebook
SE4MHJ11,2023-11-15,,2023-11-30 19:39:01.494602,Female,54,Google-Ads
G2F327PE,2023-10-21,,2023-11-24 00:00:00.000000,Female,42,Google-Ads
FJY8P2TC,2023-11-12,,2023-11-18 00:00:00.000000,Female,44,Google-Ads
ON2T6WVI,2023-01-08,,2023-10-19 19:39:01.494602,Female,66,Google-Ads
IEDKGAHI,2023-09-16,,2023-11-29 19:39:01.494602,Male,40,Facebook
JN4JN3U0,2023-07-27,,2023-11-20 00:00:00.000000,Female,47,Organic
JY74DU2N,2023-03-15,,2023-11-01 19:39:01.494602,Female,58,Organic
CCVWU4VO,2023-08-28,,2023-10-24 19:39:01.494602,Female,69,Google-Ads
EU7L0QJC,2023-08-24,,2023-09-03 00:00:00.000000,Female,25,Google-Ads
2B6IQY0Q,2023-04-28,,2023-11-20 19:39:01.494602,Male,53,Google-Ads
0X38AX7S,2023-06-09,,2023-11-20 19:39:01.494602,Female,47,Organic
P5S9ARDX,2023-06-08,,2023-11-28 19:39:01.494602,Female,34,Organic
7UQ3MER8,2023-06-23,,2023-07-23 00:00:00.000000,Female,50,Google-Ads
X4YY149O,2023-09-17,2023-10-12,2023-10-02 00:00:00.000000,Female,59,Google-Ads
ZJIFJAM6,2023-06-11,,2023-09-15 00:00:00.000000,Female,71,Organic
3F4W9LQR,2023-11-15,,2023-10-21 19:39:01.494602,Female,22,Google-Ads
2ITESYOR,2023-01-12,,2023-11-14 19:39:01.494602,Female,58,Organic
FD1OHZXO,2023-03-09,,2023-10-16 00:00:00.000000,Female,40,Google-Ads
PJWC3VS6,2023-03-28,,2023-11-26 19:39:01.494602,Female,25,Google-Ads
64GQT5LB,2023-06-15,,2023-12-09 00:00:00.000000,Female,48,Organic
RWD0RFSA,2023-08-26,,2023-11-01 00:00:00.000000,Female,52,Facebook
7HVPGM3Z,2023-09-04,,2023-11-28 19:39:01.494602,Male,60,Facebook
MTY5ZVDG,2023-02-14,,2023-10-23 19:39:01.494602,Female,57,Facebook
49F7K2P5,2023-09-23,,2023-11-20 00:00:00.000000,Female,65,Facebook
Q3NNCKXO,2023-04-09,,2023-12-09 19:39:01.494602,Female,19,Organic
CSW0IRTS,2023-05-10,,2023-11-28 19:39:01.494602,Female,19,Google-Ads
KL3ZYX5P,2023-10-06,,2023-11-10 00:00:00.000000,Female,19,Facebook
6JXSI3YD,2023-02-25,,2023-04-29 00:00:00.000000,Female,48,Organic
XZZOWIWP,2023-07-10,,2023-11-06 00:00:00.000000,Female,56,Google-Ads
WJHHKMEO,2023-11-01,,2023-12-07 19:39:01.494602,Female,37,Google-Ads
MSMBQPDM,2023-05-01,,2023-06-01 00:00:00.000000,Male,44,Facebook
EZW246OY,2023-01-03,,2023-10-10 00:00:00.000000,Female,74,Google-Ads
JQBS3P8B,2023-10-14,,2023-10-30 19:39:01.494602,Female,35,Organic
ZO36GWWC,2023-01-18,,2023-05-24 00:00:00.000000,Female,64,Organic
JX7LUFMA,2023-10-21,,2023-10-23 19:39:01.494602,Female,57,Facebook
ACA5V3SZ,2023-08-13,,2023-11-09 19:39:01.494602,Male,27,Facebook
B7AK0TJL,2023-10-29,,2023-11-06 00:00:00.000000,Female,28,Organic
J677AA1G,2023-08-05,,2023-11-29 00:00:00.000000,Female,74,Google-Ads
UPGI3YYO,2023-07-25,,2023-12-09 19:39:01.494602,Male,66,Google-Ads
YLFFN1SY,2023-02-14,2023-05-26,2023-03-24 00:00:00.000000,Male,72,Facebook
P2UG2DHV,2023-03-16,,2023-11-10 19:39:01.494602,Male,31,Google-Ads
E1V4SS0K,2023-08-31,,2023-11-28 19:39:01.494602,Male,44,Organic
XJSKFJWP,2023-03-17,,2023-12-07 19:39:01.494602,Female,73,Facebook
TKZB9F9F,2023-05-12,,2023-12-03 19:39:01.494602,Female,53,Organic
R81SOM1F,2023-05-31,,2023-10-14 00:00:00.000000,Male,57,Google-Ads
XLP9AZJK,2023-10-09,,2023-11-28 19:39:01.494602,Male,18,Google-Ads
IXQ9MPMW,2023-08-24,,2023-12-05 19:39:01.494602,Male,64,Google-Ads
PTFMOT3F,2023-06-18,,2023-10-18 19:39:01.494602,Male,55,Google-Ads
UAAPHJG0,2023-01-28,2023-03-15,2023-02-12 00:00:00.000000,Male,27,Google-Ads
CGZUEK1A,2023-02-15,,2023-10-18 00:00:00.000000,Female,63,Google-Ads
OO1LR5UF,2023-04-29,,2023-06-17 00:00:00.000000,Male,22,Facebook
AJEBLOEH,2023-06-24,,2023-11-26 19:39:01.494602,Female,22,Google-Ads
OT4ZNCZK,2023-01-09,,2023-01-29 00:00:00.000000,Female,65,Google-Ads
FT8YH5IO,2023-06-11,,2023-12-04 19:39:01.494602,Male,39,Organic
N1YMUKTZ,2023-01-12,2023-02-01,2023-01-28 00:00:00.000000,Female,43,Facebook
P0UOWQNO,2023-04-07,,2023-08-24 00:00:00.000000,Female,38,Google-Ads
M59SPLZU,2023-07-27,,2023-11-04 00:00:00.000000,Female,66,Organic
GT1IWQIX,2023-04-19,,2023-11-15 19:39:01.494602,Female,19,Google-Ads
Q2TNDOSO,2023-08-23,,2023-11-28 19:39:01.494602,Male,52,Google-Ads
O19YYSHQ,2023-10-14,,2023-11-18 19:39:01.494602,Female,26,Facebook
MKHE0J6U,2023-03-02,,2023-11-12 19:39:01.494602,Male,57,Facebook
JMPO0IIV,2023-03-06,,2023-11-06 19:39:01.494602,Male,58,Google-Ads
S81LRI49,2023-10-28,,2023-12-10 00:00:00.000000,Male,35,Google-Ads
XEAKVWT7,2023-10-22,,2023-11-06 19:39:01.494602,Female,26,Organic
WE2H7X7U,2023-09-07,,2023-11-30 00:00:00.000000,Female,63,Facebook
E44SXETO,2023-12-09,,2023-12-10 00:00:00.000000,Female,73,Google-Ads
0PYLEVAM,2023-07-12,2023-11-07,2023-08-04 00:00:00.000000,Male,68,Google-Ads
XSOV7WEO,2023-06-23,,2023-12-06 19:39:01.494602,Male,62,Facebook
HJWYQHDB,2023-03-25,,2023-06-29 00:00:00.000000,Female,56,Google-Ads
7XNVUZKV,2023-02-23,,2023-11-12 19:39:01.494602,Female,46,Organic
F2UFGYWD,2023-08-10,,2023-12-07 19:39:01.494602,Female,47,Facebook
LHF681Z9,2023-11-11,,2023-10-23 19:39:01.494602,Female,70,Organic
CKIGOU9X,2023-11-01,,2023-11-29 19:39:01.494602,Female,39,Organic
OWP2R8FR,2023-07-01,,2023-11-26 19:39:01.494602,Male,54,Google-Ads
RPRU7PKE,2023-02-08,,2023-03-21 00:00:00.000000,Male,52,Google-Ads
92FVFBRT,2023-02-26,,2023-11-19 00:00:00.000000,Female,71,Google-Ads
FZN3HK6Z,2023-07-29,,2023-11-13 19:39:01.494602,Female,32,Google-Ads
9KQP7KEI,2023-07-12,,2023-07-19 00:00:00.000000,Male,70,Google-Ads
9AD7U0XH,2023-06-10,,2023-10-21 19:39:01.494602,Female,52,Facebook
SOFRS3RZ,2023-09-06,2023-10-20,2023-10-19 00:00:00.000000,Female,62,Google-Ads
SKQPN9OY,2023-05-20,,2023-11-01 19:39:01.494602,Female,33,Google-Ads
5BBYWU4P,2023-01-02,,2023-01-22 00:00:00.000000,Female,68,Organic
RM33VOYE,2023-05-05,,2023-11-01 19:39:01.494602,Male,68,Organic
XMLVB60M,2023-08-24,,2023-11-29 19:39:01.494602,Male,36,Facebook
3RCDOMW1,2023-10-11,,2023-11-06 19:39:01.494602,Male,40,Organic
ZBQW0F2V,2023-03-31,,2023-09-07 00:00:00.000000,Male,30,Facebook
HRQDMDSQ,2023-11-04,,2023-11-04 19:39:01.494602,Male,64,Google-Ads
GTXEKZBE,2023-10-02,,2023-10-18 19:39:01.494602,Male,45,Facebook
8XV56VKV,2023-09-25,,2023-12-01 19:39:01.494602,Male,50,Google-Ads
NCNQS2N0,2023-09-19,,2023-10-17 19:39:01.494602,Male,25,Google-Ads
UGMGZMKI,2023-08-04,,2023-08-22 00:00:00.000000,Female,24,Google-Ads
XF2UD3MY,2023-02-14,,2023-04-04 00:00:00.000000,Male,29,Google-Ads
CMDPMIM5,2023-02-19,,2023-12-11 19:39:01.494602,Female,64,Google-Ads
1JLZIOL0,2023-01-23,2023-05-05,2023-03-10 00:00:00.000000,Female,18,Facebook
S3UZR8OB,2023-09-14,,2023-11-16 19:39:01.494602,Female,61,Facebook
GP3GUJJT,2023-05-18,,2023-11-29 19:39:01.494602,Female,52,Facebook
QNJCT740,2023-04-17,,2023-10-16 00:00:00.000000,Male,29,Google-Ads
SFNO123U,2023-07-28,,2023-10-22 19:39:01.494602,Female,58,Organic
OEKQI87W,2023-11-24,,2023-10-29 19:39:01.494602,Female,69,Organic
AT7DBRHZ,2023-06-16,,2023-07-07 00:00:00.000000,Female,65,Google-Ads
T9JB6RKD,2023-05-27,,2023-08-08 00:00:00.000000,Female,40,Organic
6158ZMNI,2023-04-27,,2023-11-20 19:39:01.494602,Male,60,Facebook
P5FU4FP5,2023-09-23,,2023-11-11 19:39:01.494602,Male,39,Organic
OI2EJBNU,2023-01-04,,2023-12-02 19:39:01.494602,Male,69,Google-Ads
OMHC8OFX,2023-04-27,,2023-12-10 00:00:00.000000,Female,68,Facebook
80SFGGQJ,2023-12-01,,2023-11-16 19:39:01.494602,Female,65,Organic
KYJ578F3,2023-01-11,,2023-05-05 00:00:00.000000,Female,61,Google-Ads
CFQHY281,2023-03-26,,2023-12-04 19:39:01.494602,Female,63,Organic
H448GP32,2023-08-24,,2023-11-23 00:00:00.000000,Male,65,Organic
SN630RN4,2023-01-20,,2023-11-21 19:39:01.494602,Female,21,Google-Ads
HVVT0OU6,2023-05-13,,2023-11-11 00:00:00.000000,Male,42,Google-Ads
8T3I5O2A,2023-04-08,,2023-08-07 00:00:00.000000,Male,41,Organic
FT89O82T,2023-03-10,,2023-10-25 00:00:00.000000,Female,32,Organic
SBJO9TST,2023-05-22,,2023-12-11 19:39:01.494602,Male,38,Facebook
BODCZ8MF,2023-11-26,,2023-10-18 19:39:01.494602,Female,25,Facebook
L9GRDSKS,2023-09-25,,2023-11-28 00:00:00.000000,Female,71,Google-Ads
IEGXGVI3,2023-09-27,,2023-10-07 00:00:00.000000,Male,68,Organic
M2ZU0VWU,2023-07-17,,2023-07-22 00:00:00.000000,Female,61,Google-Ads
1NYZCOHB,2023-01-29,2023-04-24,2023-02-11 00:00:00.000000,Female,63,Google-Ads
DS5RAPFN,2023-04-19,,2023-11-23 19:39:01.494602,Female,57,Google-Ads
WOJJ67L3,2023-10-09,,2023-11-10 00:00:00.000000,Female,53,Google-Ads
WOYMNNME,2023-07-04,,2023-11-14 00:00:00.000000,Female,48,Organic
IM4W3WBQ,2023-09-30,,2023-11-27 19:39:01.494602,Female,39,Organic
UTU39DQP,2023-04-22,,2023-12-11 19:39:01.494602,Male,50,Google-Ads
Y1RUCRYK,2023-10-26,,2023-11-16 00:00:00.000000,Male,43,Google-Ads
4WJMYY68,2023-01-30,,2023-11-12 00:00:00.000000,Female,27,Organic
AR8HNJ00,2023-01-08,,2023-10-25 19:39:01.494602,Female,70,Organic
P5NSN2YN,2023-11-30,,2023-11-30 00:00:00.000000,Male,34,Google-Ads
FBPHD9G6,2023-10-02,,2023-11-10 19:39:01.494602,Female,60,Organic
M2ZXB1OB,2023-09-23,,2023-11-05 19:39:01.494602,Female,37,Google-Ads
L4G1L8KE,2023-12-03,,2023-11-11 19:39:01.494602,Male,35,Google-Ads
5P1K4ROR,2023-02-05,,2023-11-02 19:39:01.494602,Male,67,Organic
03VFSA1W,2023-05-18,2023-11-02,2023-07-28 00:00:00.000000,Female,45,Google-Ads
MDPA4L24,2023-10-02,,2023-12-10 19:39:01.494602,Male,24,Organic
BDAY4XC8,2023-01-20,,2023-06-28 00:00:00.000000,Female,28,Facebook
2Z4UZ2KM,2023-10-28,,2023-12-06 00:00:00.000000,Male,41,Google-Ads
9OYLOXVZ,2023-09-17,,2023-09-21 00:00:00.000000,Male,49,Google-Ads
2YRF0OMQ,2023-04-28,,2023-11-06 19:39:01.494602,Male,65,Google-Ads
7PCFSD41,2023-01-15,,2023-07-10 00:00:00.000000,Female,30,Google-Ads
SC4XT148,2023-08-26,,2023-11-15 19:39:01.494602,Male,20,Facebook
8A5ERQ4X,2023-11-20,,2023-11-26 19:39:01.494602,Female,22,Organic
ZVCD7RUJ,2023-01-05,,2023-10-27 19:39:01.494602,Male,55,Organic
GOZN75A3,2023-05-06,,2023-06-01 00:00:00.000000,Female,23,Google-Ads
LDK99XS1,2023-06-02,,2023-12-03 19:39:01.494602,Female,18,Google-Ads
DOQ3UA53,2023-06-10,,2023-10-13 19:39:01.494602,Male,44,Google-Ads
44E7GUFL,2023-01-13,,2023-12-09 19:39:01.494602,Male,33,Google-Ads
K74PBR0J,2023-09-17,,2023-10-15 19:39:01.494602,Male,73,Google-Ads
76P5QNPR,2023-11-01,,2023-12-08 00:00:00.000000,Male,22,Google-Ads
WCA2FGKU,2023-05-30,,2023-07-26 00:00:00.000000,Female,67,Google-Ads
05H8FU9L,2023-06-07,,2023-11-13 19:39:01.494602,Female,32,Organic
SGINL59Q,2023-04-04,,2023-10-19 19:39:01.494602,Female,61,Organic
IEY8LGZ2,2023-08-24,,2023-11-12 19:39:01.494602,Male,43,Google-Ads
0B7KFMVT,2023-03-30,,2023-07-18 00:00:00.000000,Male,35,Organic
AV25JWUQ,2023-11-15,,2023-11-20 19:39:01.494602,Male,44,Google-Ads
47VM2JHN,2023-02-01,,2023-10-13 19:39:01.494602,Male,72,Organic
OW93HI2A,2023-03-13,,2023-11-30 19:39:01.494602,Female,55,Organic
BJI8R94L,2023-11-18,,2023-11-04 19:39:01.494602,Male,63,Google-Ads
ER1Y3Q3R,2023-06-20,2023-11-28,2023-08-27 00:00:00.000000,Female,63,Google-Ads
NNNMPC2S,2023-07-10,,2023-12-11 00:00:00.000000,Male,29,Google-Ads
QWRB6MH6,2023-03-25,,2023-10-29 19:39:01.494602,Female,38,Google-Ads
2H4OZYRD,2023-04-23,,2023-06-26 00:00:00.000000,Female,69,Google-Ads
P2AYVZYI,2023-09-07,,2023-11-24 00:00:00.000000,Male,25,Organic
VH6GJ4UF,2023-05-13,,2023-12-08 19:39:01.494602,Male,46,Facebook
QH3ESM5I,2023-01-03,,2023-11-18 19:39:01.494602,Male,45,Google-Ads
DG3MKB6Q,2023-07-15,,2023-11-30 00:00:00.000000,Female,44,Organic
VCSU0PPI,2023-07-31,,2023-11-08 19:39:01.494602,Female,40,Google-Ads
A6M3BFVO,2023-05-11,,2023-08-12 00:00:00.000000,Male,45,Google-Ads
Y2PFNFFV,2023-01-17,,2023-10-27 00:00:00.000000,Female,50,Google-Ads
A15QMD72,2023-01-03,,2023-10-30 19:39:01.494602,Female,22,Google-Ads
WI10AWEV,2023-10-30,,2023-12-08 19:39:01.494602,Female,55,Google-Ads
KABEX97P,2023-01-08,,2023-12-02 19:39:01.494602,Male,30,Facebook
OU7OL5D5,2023-10-04,2023-11-07,2023-10-31 00:00:00.000000,Female,19,Google-Ads
U4ETSN7W,2023-11-06,,2023-10-24 19:39:01.494602,Female,68,Google-Ads
3FDHNEM2,2023-01-13,,2023-05-02 00:00:00.000000,Male,37,Organic
YDX4N7RQ,2023-03-04,,2023-11-06 19:39:01.494602,Female,42,Organic
Z6AU5K80,2023-03-24,,2023-11-10 19:39:01.494602,Male,46,Organic
O2WREM53,2023-01-17,,2023-06-17 00:00:00.000000,Female,35,Google-Ads
MPDVTSAD,2023-08-23,,2023-10-20 00:00:00.000000,Female,45,Google-Ads
FTTV26H7,2023-08-30,,2023-10-22 00:00:00.000000,Male,71,Google-Ads
U5VZ1PKC,2023-04-14,,2023-11-11 19:39:01.494602,Male,65,Google-Ads
YF979BL2,2023-07-21,,2023-10-24 19:39:01.494602,Female,42,Facebook
2K92DE5B,2023-08-05,,2023-12-06 19:39:01.494602,Male,59,Facebook
6EU74IMG,2023-03-31,,2023-08-07 00:00:00.000000,Male,32,Organic
7WCL8RE9,2023-05-07,,2023-11-01 19:39:01.494602,Female,49,Google-Ads
SBWEFKCF,2023-02-01,,2023-11-06 00:00:00.000000,Male,39,Organic
HKUDV5XK,2023-10-08,2023-12-05,2023-10-09 00:00:00.000000,Female,37,Google-Ads
VMNEJLM4,2023-03-13,,2023-12-02 19:39:01.494602,Male,39,Organic
WDVL3DBU,2023-01-12,,2023-05-11 00:00:00.000000,Female,60,Google-Ads
0UKY8BDA,2023-06-27,,2023-10-19 00:00:00.000000,Male,43,Google-Ads
N8P2O70M,2023-07-30,,2023-09-09 00:00:00.000000,Male,48,Google-Ads
INBAM9YQ,2023-09-08,,2023-11-26 19:39:01.494602,Female,46,Google-Ads
MITF1L5P,2023-05-18,,2023-12-09 00:00:00.000000,Male,31,Google-Ads
REO8N46M,2023-01-14,2023-06-16,2023-03-22 00:00:00.000000,Male,64,Google-Ads
841MLK0F,2023-10-28,,2023-11-16 00:00:00.000000,Female,27,Google-Ads
8K7YO60C,2023-03-24,2023-05-10,2023-03-28 00:00:00.000000,Female,49,Google-Ads
AAY3GU98,2023-09-26,,2023-11-22 00:00:00.000000,Female,64,Organic
X2H32071,2023-07-03,,2023-12-09 19:39:01.494602,Male,30,Google-Ads
WSGLJ8VJ,2023-06-10,,2023-07-24 00:00:00.000000,Male,41,Organic
QU2ADCCU,2023-10-19,2023-11-28,2023-11-13 00:00:00.000000,Female,59,Organic
TI2O3FEL,2023-01-15,,2023-09-10 00:00:00.000000,Female,51,Google-Ads
G68QS30B,2023-06-16,,2023-12-02 19:39:01.494602,Female,64,Organic
NV8VVTWO,2023-10-03,,2023-10-04 00:00:00.000000,Male,42,Google-Ads
E0N39O88,2023-05-19,,2023-10-12 19:39:01.494602,Female,29,Google-Ads
FJ1LUXTA,2023-06-02,,2023-10-29 19:39:01.494602,Female,37,Google-Ads
2HE7GH83,2023-06-11,2023-10-20,2023-08-21 00:00:00.000000,Female,72,Google-Ads
JYRJM1B2,2023-09-03,,2023-11-12 19:39:01.494602,Female,58,Organic
X7RR2GWW,2023-05-13,,2023-11-28 19:39:01.494602,Female,43,Organic
4RPFEKY2,2023-04-07,2023-09-21,2023-06-29 00:00:00.000000,Female,73,Organic
QVL8W7WV,2023-01-07,,2023-11-28 19:39:01.494602,Male,54,Google-Ads
G7762RPV,2023-02-06,,2023-11-22 19:39:01.494602,Female,60,Google-Ads
BQ3X9TVL,2023-04-18,,2023-07-19 00:00:00.000000,Female,55,Facebook
VV7R66Q4,2023-10-13,,2023-10-20 00:00:00.000000,Male,68,Google-Ads
DPJ9C1U0,2023-09-26,,2023-10-16 00:00:00.000000,Female,20,Facebook
KX3VD1CF,2023-02-22,,2023-09-20 00:00:00.000000,Male,45,Google-Ads
DA0HFZT7,2023-03-07,,2023-09-14 00:00:00.000000,Male,18,Google-Ads
ZZ486FTH,2023-05-06,,2023-12-01 19:39:01.494602,Female,71,Google-Ads
T9KQ2HI4,2023-04-29,,2023-05-17 00:00:00.000000,Male,55,Google-Ads
FYX6Z36I,2023-08-26,,2023-09-16 00:00:00.000000,Female,64,Facebook
HOA9LI0K,2023-01-18,,2023-10-09 00:00:00.000000,Female,36,Google-Ads
XXJVHSGU,2023-01-24,,2023-11-27 19:39:01.494602,Male,18,Google-Ads
4918531P,2023-06-21,,2023-11-19 19:39:01.494602,Male,61,Google-Ads
30AY4A1T,2023-02-04,,2023-03-26 00:00:00.000000,Male,22,Organic
EBDC0JBI,2023-06-15,,2023-07-10 00:00:00.000000,Female,67,Organic
QDMDG7Z6,2023-07-12,,2023-10-18 00:00:00.000000,Male,44,Facebook
B8NMATMA,2023-05-19,,2023-08-14 00:00:00.000000,Male,62,Facebook
FV483UZU,2023-08-09,2023-11-20,2023-09-09 00:00:00.000000,Female,68,Google-Ads
KQD9WDN3,2023-05-05,,2023-12-10 19:39:01.494602,Female,63,Google-Ads
3XUC17UA,2023-05-15,2023-10-08,2023-05-22 00:00:00.000000,Male,21,Facebook
EQR8QDNE,2023-09-16,,2023-10-16 19:39:01.494602,Female,20,Organic
ALP8SLRO,2023-04-27,2023-11-20,2023-07-11 00:00:00.000000,Female,18,Google-Ads
YAC83JAE,2023-09-21,,2023-11-18 19:39:01.494602,Male,35,Google-Ads
8X7JN4RQ,2023-07-14,,2023-12-01 19:39:01.494602,Female,18,Organic
8X3K5WCY,2023-12-11,,2023-11-20 19:39:01.494602,Female,55,Organic
WBCWVMZO,2023-07-24,,2023-10-23 19:39:01.494602,Female,26,Organic
V85TESUP,2023-04-27,,2023-10-27 19:39:01.494602,Male,36,Google-Ads
I7DX65QZ,2023-09-26,,2023-10-13 19:39:01.494602,Female,64,Organic
OW2DX5HT,2023-02-07,,2023-11-29 19:39:01.494602,Female,37,Google-Ads
HQ9CB9YI,2023-04-27,,2023-10-22 00:00:00.000000,Male,23,Organic
YX4CY19C,2023-06-17,,2023-11-21 00:00:00.000000,Male,21,Organic
KX67V5O5,2023-05-31,2023-06-07,2023-06-04 00:00:00.000000,Male,32,Facebook
ALBCT71T,2023-12-02,2023-12-11,2023-12-03 00:00:00.000000,Female,34,Organic
PUCA4GXL,2023-03-03,,2023-11-22 00:00:00.000000,Female,31,Organic
2Y3YXB7F,2023-12-02,,2023-10-28 19:39:01.494602,Male,30,Google-Ads
STA4HPUU,2023-03-17,,2023-10-12 19:39:01.494602,Male,68,Organic
4IEAJJ30,2023-07-23,,2023-11-17 19:39:01.494602,Female,60,Organic
ED3ABI67,2023-07-18,,2023-10-07 00:00:00.000000,Male,53,Organic
APDPFL0K,2023-01-23,,2023-11-22 19:39:01.494602,Male,61,Facebook
D8W09RO9,2023-02-08,,2023-11-26 19:39:01.494602,Male,24,Google-Ads
XXZH4ZF9,2023-09-02,,2023-11-21 00:00:00.000000,Female,55,Facebook
OTE2JDW0,2023-08-18,2023-08-20,2023-08-20 00:00:00.000000,Female,67,Google-Ads
T71E5DGN,2023-02-25,,2023-10-19 19:39:01.494602,Male,52,Google-Ads
PDDPZVQV,2023-09-03,,2023-10-14 19:39:01.494602,Female,42,Google-Ads
B96DEFPP,2023-04-20,,2023-10-12 00:00:00.000000,Female,39,Facebook
JEU3VRH2,2023-01-13,2023-08-22,2023-07-02 00:00:00.000000,Female,44,Google-Ads
J24VRY72,2023-10-14,,2023-12-04 00:00:00.000000,Female,56,Organic
HD4ET0UH,2023-09-10,,2023-11-08 00:00:00.000000,Female,23,Facebook
XIZCA4XB,2023-08-31,,2023-09-07 00:00:00.000000,Female,39,Google-Ads
WOXAQED0,2023-02-26,,2023-10-27 19:39:01.494602,Female,27,Google-Ads
R3K5D18O,2023-07-25,,2023-11-07 19:39:01.494602,Male,23,Google-Ads
Q2QTMMIJ,2023-05-27,,2023-08-03 00:00:00.000000,Male,24,Google-Ads
7Q8Q1M2L,2023-05-14,,2023-06-17 00:00:00.000000,Male,62,Facebook
0LNIUYSO,2023-01-02,,2023-06-07 00:00:00.000000,Female,18,Facebook
EDJ0LGP6,2023-05-24,,2023-11-16 00:00:00.000000,Female,36,Organic
ZRH7RZ7M,2023-02-01,,2023-09-12 00:00:00.000000,Male,69,Google-Ads
5ZK353RU,2023-01-02,,2023-09-30 00:00:00.000000,Male,55,Google-Ads
CT7PMLH1,2023-06-02,,2023-12-02 00:00:00.000000,Male,37,Facebook
255ZSLDR,2023-03-02,,2023-06-11 00:00:00.000000,Male,31,Facebook
KBVEJZ8E,2023-08-07,,2023-12-09 19:39:01.494602,Female,50,Organic
EAXUDUCO,2023-02-11,,2023-11-20 19:39:01.494602,Female,67,Google-Ads
5KEVUSGW,2023-04-27,,2023-11-22 19:39:01.494602,Female,23,Google-Ads
FEZ50NIX,2023-09-06,,2023-11-17 19:39:01.494602,Female,41,Google-Ads
MGVUPNZO,2023-06-02,,2023-06-28 00:00:00.000000,Female,25,Facebook
EM8XOIBV,2023-02-11,,2023-09-12 00:00:00.000000,Female,56,Google-Ads
4VHH0XD7,2023-03-27,,2023-12-03 19:39:01.494602,Male,54,Google-Ads
VFSTFWG4,2023-04-04,,2023-12-06 19:39:01.494602,Female,48,Google-Ads
B60APV6A,2023-06-03,,2023-07-17 00:00:00.000000,Female,65,Facebook
I3GW20MF,2023-08-24,,2023-09-25 00:00:00.000000,Female,42,Organic
TVKRE8W3,2023-04-01,,2023-09-03 00:00:00.000000,Female,53,Organic
7PXK6L8V,2023-04-12,,2023-10-19 19:39:01.494602,Female,45,Organic
88Y6HSJF,2023-08-22,,2023-12-07 00:00:00.000000,Male,35,Google-Ads
ELBS70TC,2023-07-15,,2023-10-18 19:39:01.494602,Female,60,Google-Ads
TKUKY3YJ,2023-09-29,,2023-11-20 00:00:00.000000,Male,68,Google-Ads
LBPCXHFC,2023-06-19,,2023-12-03 00:00:00.000000,Female,71,Google-Ads
FJDP0SMT,2023-11-18,,2023-11-30 00:00:00.000000,Female,54,Google-Ads
Q2M8QG1E,2023-01-24,,2023-07-24 00:00:00.000000,Female,55,Facebook
WQ2QFQCA,2023-05-12,,2023-11-24 19:39:01.494602,Male,56,Organic
BLPYN8M7,2023-11-20,,2023-11-22 00:00:00.000000,Male,62,Organic
WAEHR884,2023-05-09,,2023-11-08 19:39:01.494602,Female,23,Facebook
GONC4ZSS,2023-01-09,,2023-10-16 00:00:00.000000,Female,71,Google-Ads
833ULKID,2023-10-07,,2023-11-12 19:39:01.494602,Male,61,Google-Ads
DUYQE0LM,2023-02-03,,2023-11-16 00:00:00.000000,Male,32,Facebook
7EPJKPWX,2023-08-28,,2023-09-27 00:00:00.000000,Female,61,Google-Ads
1IQDD867,2023-08-13,,2023-11-27 19:39:01.494602,Female,24,Organic
CG1XS8HE,2023-07-12,,2023-08-29 00:00:00.000000,Male,40,Facebook
70KJI495,2023-09-16,,2023-12-08 19:39:01.494602,Female,57,Facebook
OB8XK1W1,2023-03-12,,2023-11-05 19:39:01.494602,Male,51,Facebook
QT187PP9,2023-12-06,,2023-12-09 00:00:00.000000,Female,25,Organic
CP92UAVL,2023-11-08,,2023-11-18 00:00:00.000000,Male,24,Facebook
E1URE8YU,2023-03-03,,2023-04-03 00:00:00.000000,Female,60,Facebook
QPYP898J,2023-04-06,,2023-12-08 19:39:01.494602,Female,71,Organic
OE1X0PFZ,2023-07-25,,2023-11-22 00:00:00.000000,Female,40,Google-Ads
QSP5G8Z5,2023-08-31,,2023-11-10 00:00:00.000000,Male,54,Organic
3FE3G1FV,2023-10-14,,2023-11-07 19:39:01.494602,Male,19,Google-Ads
LH97TA95,2023-01-22,,2023-10-30 19:39:01.494602,Female,47,Google-Ads
76PBLSA3,2023-07-06,,2023-11-29 00:00:00.000000,Male,43,Organic
XY9MWCRD,2023-10-05,,2023-10-26 00:00:00.000000,Female,39,Google-Ads
N0DV7XYC,2023-06-30,,2023-10-12 19:39:01.494602,Male,34,Organic
GLX69OAW,2023-04-11,,2023-11-13 00:00:00.000000,Female,63,Google-Ads
BXGSIFM1,2023-07-27,,2023-11-14 19:39:01.494602,Female,64,Google-Ads
J8HW8Y35,2023-08-15,,2023-10-01 00:00:00.000000,Female,51,Google-Ads
W72NC3U0,2023-09-19,,2023-10-29 19:39:01.494602,Male,72,Organic
NMQDEVW6,2023-03-25,,2023-11-21 19:39:01.494602,Male,38,Google-Ads
H99CF9G0,2023-11-15,,2023-11-15 19:39:01.494602,Male,68,Google-Ads
194FYZ4M,2023-04-17,,2023-11-17 19:39:01.494602,Male,62,Google-Ads
ABR90GRF,2023-10-02,,2023-12-11 19:39:01.494602,Male,28,Facebook
DDNXFD30,2023-10-12,,2023-12-06 00:00:00.000000,Female,69,Organic
9YCLV4GS,2023-07-21,,2023-11-18 00:00:00.000000,Female,57,Google-Ads
XVQNFRTC,2023-06-03,2023-06-15,2023-06-05 00:00:00.000000,Female,47,Google-Ads
MEKD2LDU,2023-10-01,,2023-10-31 19:39:01.494602,Female,39,Organic
7EKDX620,2023-10-08,,2023-11-14 19:39:01.494602,Male,44,Google-Ads
KE98MTDA,2023-10-02,,2023-10-25 00:00:00.000000,Male,49,Google-Ads
F8ESIESV,2023-06-09,,2023-11-01 00:00:00.000000,Female,38,Organic
R89OTUI9,2023-03-20,,2023-10-22 00:00:00.000000,Male,25,Google-Ads
IE1CGQET,2023-04-10,,2023-10-08 00:00:00.000000,Male,70,Google-Ads
KPEWE6QC,2023-03-07,,2023-11-20 00:00:00.000000,Female,31,Facebook
NCHAE0F9,2023-11-22,,2023-11-27 00:00:00.000000,Female,59,Google-Ads
DWZHPIQI,2023-06-07,,2023-11-13 19:39:01.494602,Female,34,Facebook
HWOQMIWO,2023-11-20,,2023-11-28 19:39:01.494602,Female,37,Facebook
RRX1KL81,2023-05-04,,2023-11-29 19:39:01.494602,Male,18,Google-Ads
PKREC2Q7,2023-07-01,2023-10-17,2023-09-22 00:00:00.000000,Male,35,Google-Ads
YZ63B9PL,2023-11-09,,2023-11-26 00:00:00.000000,Male,40,Google-Ads
BNWGJUD6,2023-03-29,,2023-10-13 19:39:01.494602,Female,63,Google-Ads
E6417MEP,2023-11-07,,2023-11-16 00:00:00.000000,Male,46,Facebook
W6P2CQ8A,2023-08-13,,2023-09-25 00:00:00.000000,Male,43,Google-Ads
T8THL7YQ,2023-05-31,,2023-06-29 00:00:00.000000,Male,27,Organic
HT3OMQEF,2023-09-26,,2023-11-03 19:39:01.494602,Male,62,Google-Ads
5UAP4JN0,2023-08-31,,2023-09-15 00:00:00.000000,Male,74,Organic
NABJVVHG,2023-05-31,,2023-12-04 00:00:00.000000,Male,42,Facebook
0OEAQR1B,2023-05-07,,2023-11-03 19:39:01.494602,Female,66,Facebook
98MRDXKY,2023-08-09,,2023-09-15 00:00:00.000000,Female,28,Organic
TB8DQOR0,2023-07-19,2023-09-15,2023-09-06 00:00:00.000000,Female,46,Google-Ads
59ERH36R,2023-09-26,,2023-11-16 19:39:01.494602,Female,62,Organic
Z45TWF4T,2023-01-15,,2023-11-27 19:39:01.494602,Female,67,Google-Ads
WTRON4AJ,2023-05-24,,2023-05-26 00:00:00.000000,Male,53,Facebook
SBKI9CMW,2023-08-02,,2023-11-20 00:00:00.000000,Female,43,Organic
7L8TCS08,2023-03-31,,2023-10-20 19:39:01.494602,Female,67,Google-Ads
K8K1EXJO,2023-02-14,,2023-10-30 00:00:00.000000,Female,66,Google-Ads
X809YMWB,2023-10-01,,2023-12-02 00:00:00.000000,Female,51,Google-Ads
BWKZCE7W,2023-07-04,,2023-10-08 00:00:00.000000,Male,24,Google-Ads
RPASSBB8,2023-10-28,,2023-11-22 19:39:01.494602,Male,55,Google-Ads
JSAT4ELF,2023-06-13,,2023-10-28 19:39:01.494602,Male,72,Google-Ads
95D1WCBJ,2023-09-24,,2023-12-08 19:39:01.494602,Female,19,Google-Ads
UFLR3LDY,2023-05-15,,2023-12-04 19:39:01.494602,Female,21,Organic
D4SRLTST,2023-09-11,2023-12-04,2023-10-27 00:00:00.000000,Male,42,Organic
W4OBIYBM,2023-04-16,,2023-12-03 19:39:01.494602,Male,39,Google-Ads
0JPJ8212,2023-07-09,,2023-11-25 00:00:00.000000,Female,39,Facebook
X2SLFNXO,2023-05-29,,2023-10-16 19:39:01.494602,Male,74,Google-Ads
DS6N4XRS,2023-08-18,,2023-12-05 00:00:00.000000,Male,58,Organic
FCL4KX3A,2023-05-03,,2023-08-17 00:00:00.000000,Male,63,Facebook
ERYQZ98F,2023-07-13,,2023-11-24 19:39:01.494602,Male,53,Organic
WHYA34GN,2023-06-14,,2023-11-28 19:39:01.494602,Female,51,Google-Ads
DWJSYZ9Q,2023-01-01,,2023-11-15 19:39:01.494602,Male,63,Facebook
E2JRCKGP,2023-07-11,,2023-11-16 19:39:01.494602,Male,62,Facebook
XL9UWYW1,2023-07-03,,2023-09-13 00:00:00.000000,Female,35,Google-Ads
74DSI25V,2023-01-03,,2023-11-15 19:39:01.494602,Female,64,Google-Ads
BSXME1VE,2023-04-28,,2023-06-09 00:00:00.000000,Female,47,Facebook
X5JIDFS4,2023-06-12,,2023-09-24 00:00:00.000000,Male,19,Google-Ads
M9TPPLQV,2023-10-01,,2023-11-17 00:00:00.000000,Female,32,Organic
IQZZT41Y,2023-08-17,,2023-09-22 00:00:00.000000,Female,72,Organic
105AF354,2023-12-11,,2023-12-11 00:00:00.000000,Female,50,Organic
CFJYPNTE,2023-05-24,,2023-10-19 19:39:01.494602,Female,44,Organic
UI6SMXA2,2023-01-11,,2023-11-17 00:00:00.000000,Female,35,Facebook
HRFOK7KV,2023-02-10,,2023-12-01 19:39:01.494602,Male,73,Google-Ads
EJGVOC4M,2023-02-22,,2023-11-14 19:39:01.494602,Male,64,Organic
24LRZCC3,2023-09-22,,2023-11-05 00:00:00.000000,Female,61,Facebook
HVGT89HF,2023-04-23,2023-07-22,2023-05-06 00:00:00.000000,Female,64,Google-Ads
1JESQSWB,2023-01-31,,2023-11-15 19:39:01.494602,Female,66,Google-Ads
BGDP70NS,2023-12-11,,2023-10-30 19:39:01.494602,Male,27,Organic
NB0V7UBP,2023-06-18,,2023-11-28 00:00:00.000000,Female,47,Google-Ads
4C4CLMS0,2023-01-16,,2023-11-22 19:39:01.494602,Male,74,Google-Ads
AP2GNB0B,2023-06-26,,2023-07-18 00:00:00.000000,Female,55,Google-Ads
UQF1WY6O,2023-09-11,,2023-11-02 00:00:00.000000,Female,60,Google-Ads
XXH0HWCO,2023-07-23,,2023-12-11 00:00:00.000000,Female,37,Google-Ads
IM4Y6F1T,2023-11-13,,2023-12-11 00:00:00.000000,Male,47,Google-Ads
6ZWFV1IT,2023-04-21,,2023-11-15 19:39:01.494602,Female,23,Google-Ads
PR8T4YGI,2023-09-15,,2023-11-01 00:00:00.000000,Female,28,Organic
45PSA9C8,2023-10-25,,2023-11-01 00:00:00.000000,Female,32,Facebook
YFLBPH1D,2023-12-04,,2023-12-09 00:00:00.000000,Female,48,Google-Ads
HI216V4Y,2023-10-24,,2023-10-27 19:39:01.494602,Male,40,Google-Ads
XDFYB3HC,2023-09-18,,2023-11-18 19:39:01.494602,Female,58,Google-Ads
SYW3DM04,2023-06-12,,2023-09-10 00:00:00.000000,Female,48,Facebook
C025YSGD,2023-03-13,,2023-03-22 00:00:00.000000,Female,25,Google-Ads
WMCXT9BO,2023-07-04,,2023-11-19 19:39:01.494602,Female,61,Google-Ads
OHDUYTZE,2023-01-19,,2023-08-24 00:00:00.000000,Female,57,Google-Ads
KONVYJLT,2023-09-09,,2023-12-01 19:39:01.494602,Female,64,Google-Ads
UBG5ZPT3,2023-10-26,,2023-12-05 00:00:00.000000,Male,23,Facebook
O1T1Y3LU,2023-06-29,,2023-09-05 00:00:00.000000,Female,74,Google-Ads
PX0QH4DV,2023-08-08,,2023-12-05 00:00:00.000000,Male,73,Google-Ads
15PM11A4,2023-06-02,,2023-11-16 19:39:01.494602,Female,50,Google-Ads
5RF3G15D,2023-06-01,,2023-12-06 19:39:01.494602,Female,32,Facebook
PH9TQT89,2023-01-20,2023-07-05,2023-03-12 00:00:00.000000,Female,56,Organic
DT55YL87,2023-05-18,,2023-07-20 00:00:00.000000,Female,60,Organic
92AMW3SC,2023-01-30,,2023-05-03 00:00:00.000000,Female,22,Facebook
8CYO6C4V,2023-03-25,,2023-11-02 19:39:01.494602,Female,74,Google-Ads
8AD21W57,2023-05-07,,2023-11-30 19:39:01.494602,Male,50,Google-Ads
3YP1VDNQ,2023-05-03,,2023-08-21 00:00:00.000000,Male,41,Facebook
9OIQ31A8,2023-11-27,,2023-12-03 00:00:00.000000,Male,20,Google-Ads
517VFBSP,2023-03-11,,2023-11-12 19:39:01.494602,Female,46,Organic
0YEQPJPZ,2023-02-07,2023-04-12,2023-04-11 00:00:00.000000,Female,34,Organic
15CY1E7X,2023-10-09,,2023-12-06 00:00:00.000000,Male,31,Organic
RXC5RKUB,2023-02-27,,2023-11-22 19:39:01.494602,Male,22,Google-Ads
B72L81P8,2023-11-05,,2023-11-30 00:00:00.000000,Male,70,Google-Ads
2603JDRF,2023-08-26,,2023-11-28 19:39:01.494602,Female,72,Organic
1GKDPDT5,2023-05-21,,2023-09-23 00:00:00.000000,Female,32,Facebook
H743DYJX,2023-05-01,,2023-10-19 00:00:00.000000,Female,58,Google-Ads
K86LQDGD,2023-12-05,,2023-11-29 19:39:01.494602,Female,23,Organic
NMBUIM6F,2023-09-03,,2023-09-30 00:00:00.000000,Male,63,Organic
7XW4J060,2023-03-06,,2023-11-04 19:39:01.494602,Female,38,Organic
RPUB13J6,2023-05-25,,2023-10-12 19:39:01.494602,Female,25,Google-Ads
CZUORYQG,2023-10-15,,2023-12-02 19:39:01.494602,Female,67,Organic
ESV02RWH,2023-11-07,,2023-12-03 19:39:01.494602,Male,60,Organic
R7PP7H5H,2023-01-16,,2023-11-12 19:39:01.494602,Female,47,Google-Ads
4QEA1PZZ,2023-08-15,,2023-11-22 19:39:01.494602,Female,65,Google-Ads
GGVWFAGR,2023-12-05,,2023-12-06 00:00:00.000000,Female,69,Organic
7C1SOMJ5,2023-03-14,,2023-04-25 00:00:00.000000,Male,47,Organic
OEOZW590,2023-04-01,2023-06-26,2023-05-05 00:00:00.000000,Female,34,Google-Ads
EN1TY9QF,2023-11-21,,2023-11-12 19:39:01.494602,Male,53,Google-Ads
3PQNX34Z,2023-08-16,,2023-10-25 19:39:01.494602,Male,65,Google-Ads
OL559OV5,2023-08-13,,2023-12-01 00:00:00.000000,Female,40,Organic
86NZ1IDI,2023-09-02,,2023-11-19 19:39:01.494602,Male,28,Organic
7Q76AUVD,2023-05-22,,2023-11-10 19:39:01.494602,Male,27,Google-Ads
VA7YYL6Q,2023-04-02,,2023-05-05 00:00:00.000000,Female,44,Google-Ads
W822SV0U,2023-03-06,,2023-05-18 00:00:00.000000,Female,44,Organic
7WGZD5KP,2023-01-03,,2023-12-05 19:39:01.494602,Female,18,Organic
39HBFXG5,2023-11-27,,2023-12-03 19:39:01.494602,Female,33,Organic
1NQOXCI8,2023-09-01,2023-09-28,2023-09-11 00:00:00.000000,Female,55,Organic
JJXRUTW9,2023-01-13,,2023-07-19 00:00:00.000000,Female,51,Google-Ads
HCT7HCOS,2023-10-21,,2023-12-03 19:39:01.494602,Female,18,Organic
WKSQYU6F,2023-10-18,,2023-10-24 19:39:01.494602,Female,26,Organic
1H1DE1S0,2023-06-03,,2023-11-20 19:39:01.494602,Male,63,Organic
B9B4JF52,2023-08-16,,2023-08-31 00:00:00.000000,Male,38,Google-Ads
SDDZ6UCL,2023-10-13,,2023-11-16 19:39:01.494602,Male,56,Google-Ads
9GKM8SPC,2023-06-05,,2023-12-05 00:00:00.000000,Female,36,Organic
5D6EUW2T,2023-11-24,,2023-11-28 00:00:00.000000,Male,54,Organic
C874YCMS,2023-04-17,,2023-10-27 19:39:01.494602,Female,42,Facebook
9NQT07UX,2023-02-18,,2023-05-19 00:00:00.000000,Female,32,Facebook
A30CFBNI,2023-12-01,,2023-12-07 19:39:01.494602,Male,28,Google-Ads
PVI53VJ8,2023-06-30,2023-10-08,2023-07-30 00:00:00.000000,Female,43,Organic
LMBAK8MZ,2023-08-16,,2023-11-21 00:00:00.000000,Male,23,Google-Ads
9T61B4ME,2023-03-30,,2023-11-03 00:00:00.000000,Female,74,Facebook
29WWDMZI,2023-02-25,,2023-06-02 00:00:00.000000,Female,29,Organic
5N52NEWI,2023-06-05,,2023-10-12 00:00:00.000000,Female,43,Facebook
M4Q71HBE,2023-03-01,,2023-11-12 19:39:01.494602,Male,66,Google-Ads
7BO5WH0T,2023-10-16,2023-11-13,2023-11-06 00:00:00.000000,Female,55,Organic
SUFKN559,2023-05-22,,2023-06-28 00:00:00.000000,Female,74,Organic
W1X7YWKQ,2023-02-14,,2023-09-17 00:00:00.000000,Female,54,Organic
US35OAPO,2023-03-29,,2023-09-22 00:00:00.000000,Male,59,Google-Ads
SDC433VT,2023-10-07,,2023-12-11 19:39:01.494602,Male,36,Google-Ads
O0WVEF0A,2023-11-04,,2023-11-14 00:00:00.000000,Female,63,Organic
P82T6W0I,2023-03-13,,2023-06-14 00:00:00.000000,Female,44,Organic
VU9UWS7A,2023-09-06,,2023-11-28 19:39:01.494602,Male,26,Google-Ads
9RQTFCSY,2023-08-25,,2023-09-01 00:00:00.000000,Female,41,Google-Ads
BBOY1M31,2023-02-15,,2023-10-14 00:00:00.000000,Male,33,Facebook
OX1J2J6E,2023-06-08,,2023-11-28 19:39:01.494602,Female,69,Organic
0BRJEUPL,2023-08-03,,2023-10-20 19:39:01.494602,Female,63,Organic
5FEOAPDY,2023-07-04,,2023-10-31 19:39:01.494602,Male,39,Google-Ads
JHG5IJ2R,2023-08-27,,2023-12-09 19:39:01.494602,Male,60,Facebook
JZ7GPFYG,2023-01-24,,2023-11-18 19:39:01.494602,Female,59,Organic
7Q61PRVD,2023-08-30,,2023-11-09 19:39:01.494602,Male,59,Facebook
ZSGOPLMI,2023-08-21,,2023-10-04 00:00:00.000000,Female,52,Google-Ads
JLAUJ7TS,2023-08-28,,2023-12-05 00:00:00.000000,Male,32,Google-Ads
9LLNA4GQ,2023-10-22,,2023-10-20 19:39:01.494602,Female,61,Google-Ads
SV62VPD4,2023-08-09,,2023-10-18 19:39:01.494602,Male,64,Facebook
LB4GVLTW,2023-08-29,,2023-11-08 19:39:01.494602,Female,71,Organic
6D4PK4J1,2023-08-21,2023-11-16,2023-08-25 00:00:00.000000,Male,72,Organic
JVS3PSIS,2023-06-11,,2023-10-07 00:00:00.000000,Male,61,Google-Ads
40AN2LHH,2023-06-09,,2023-11-14 00:00:00.000000,Female,27,Organic
2PQ46GGF,2023-01-28,2023-11-04,2023-03-17 00:00:00.000000,Female,40,Google-Ads
27S0267B,2023-07-27,,2023-10-29 19:39:01.494602,Female,71,Google-Ads
GECDPDKO,2023-04-08,,2023-10-26 00:00:00.000000,Female,32,Google-Ads
YC15TO64,2023-01-10,,2023-12-07 19:39:01.494602,Female,65,Organic
YS0533MG,2023-10-20,,2023-10-25 19:39:01.494602,Male,20,Google-Ads
PWXURSEZ,2023-04-03,,2023-12-11 19:39:01.494602,Female,28,Facebook
UHN55GSB,2023-09-08,,2023-09-24 00:00:00.000000,Male,18,Google-Ads
9GO672SP,2023-04-09,,2023-10-22 00:00:00.000000,Female,48,Google-Ads
9CGY8NBM,2023-02-16,,2023-11-09 19:39:01.494602,Male,53,Google-Ads
HK5AYBZ5,2023-04-20,,2023-06-30 00:00:00.000000,Female,53,Facebook
161BU1NP,2023-08-20,,2023-11-23 19:39:01.494602,Female,47,Google-Ads
ZK2SA5HJ,2023-12-01,,2023-12-05 00:00:00.000000,Male,58,Organic
43ZPT6XW,2023-05-02,,2023-06-08 00:00:00.000000,Female,67,Facebook
Z3UPYTKR,2023-10-28,,2023-12-08 19:39:01.494602,Female,61,Google-Ads
OZ2LO59I,2023-08-03,,2023-09-23 00:00:00.000000,Female,35,Facebook
CC6PFXAD,2023-01-17,,2023-11-18 19:39:01.494602,Female,38,Facebook
V23K50SA,2023-03-15,,2023-10-27 19:39:01.494602,Female,65,Organic
80Z19Z8Z,2023-08-10,,2023-09-20 00:00:00.000000,Female,44,Facebook
36JA9TKE,2023-04-06,,2023-07-15 00:00:00.000000,Female,72,Google-Ads
XU0BZHQS,2023-07-04,,2023-12-04 19:39:01.494602,Female,41,Facebook
KDOM1ZFF,2023-06-02,2023-12-07,2023-08-27 00:00:00.000000,Male,23,Organic
BLF6HHVN,2023-02-04,,2023-10-10 00:00:00.000000,Female,66,Google-Ads
MCYTEIAC,2023-06-10,,2023-11-17 19:39:01.494602,Female,27,Google-Ads
N6L5ZDIT,2023-01-31,,2023-04-06 00:00:00.000000,Female,36,Facebook
YTTE6IIQ,2023-03-27,,2023-11-15 19:39:01.494602,Female,50,Organic
40FZG10W,2023-10-19,,2023-11-22 00:00:00.000000,Female,66,Organic
C9VZ94F4,2023-02-15,,2023-04-09 00:00:00.000000,Male,22,Organic
DJM5ZIN6,2023-04-25,,2023-10-14 19:39:01.494602,Female,57,Organic
IT09ZYKN,2023-04-09,,2023-07-30 00:00:00.000000,Female,45,Organic
OS4V86GA,2023-01-01,,2023-11-30 19:39:01.494602,Female,50,Google-Ads
QQMULHK4,2023-04-11,,2023-10-29 00:00:00.000000,Female,60,Google-Ads
EOATHL6J,2023-03-28,,2023-11-15 19:39:01.494602,Female,26,Facebook
WXYQ90RH,2023-02-16,,2023-03-14 00:00:00.000000,Female,37,Google-Ads
ZWWRCDI2,2023-11-24,,2023-11-25 19:39:01.494602,Female,46,Facebook
POEFTCB1,2023-02-26,,2023-08-26 00:00:00.000000,Male,22,Organic
W88WSLZF,2023-04-12,,2023-11-26 19:39:01.494602,Female,63,Organic
R86O01W7,2023-03-07,,2023-10-22 19:39:01.494602,Female,36,Google-Ads
VAABCKTD,2023-06-05,,2023-11-11 19:39:01.494602,Female,73,Google-Ads
HU3RX3UJ,2023-06-13,,2023-06-28 00:00:00.000000,Female,35,Facebook
25IP4QVU,2023-01-20,,2023-11-27 19:39:01.494602,Female,39,Google-Ads
47WR0R2O,2023-01-22,,2023-11-10 19:39:01.494602,Female,55,Google-Ads
4OU3E9GF,2023-10-11,,2023-11-02 19:39:01.494602,Male,56,Organic
T14CMBR3,2023-12-04,,2023-12-09 00:00:00.000000,Male,57,Facebook
TWSDCGUA,2023-05-23,,2023-11-25 19:39:01.494602,Female,51,Google-Ads
7OD2Q7Y4,2023-09-21,,2023-12-05 00:00:00.000000,Female,48,Google-Ads
8B1L0Q3C,2023-08-22,,2023-12-07 19:39:01.494602,Female,61,Organic
LQ2KYWPQ,2023-09-25,,2023-11-05 00:00:00.000000,Female,57,Google-Ads
IBZCBUGF,2023-05-20,,2023-10-05 00:00:00.000000,Male,44,Google-Ads
LYXC7G88,2023-06-02,,2023-10-14 19:39:01.494602,Male,58,Facebook
EEVC3FBR,2023-01-10,,2023-04-29 00:00:00.000000,Male,20,Organic
NUVA9WP5,2023-07-01,,2023-07-07 00:00:00.000000,Male,41,Organic
FHYU5O12,2023-03-24,,2023-10-13 19:39:01.494602,Male,54,Google-Ads
EH8ZAX5E,2023-03-01,2023-11-24,2023-04-05 00:00:00.000000,Female,71,Organic
DVHXRXT5,2023-11-16,,2023-10-14 19:39:01.494602,Female,67,Facebook
KNG44WY5,2023-04-11,2023-06-18,2023-06-04 00:00:00.000000,Female,74,Google-Ads
4R76T24X,2023-05-24,,2023-08-30 00:00:00.000000,Female,31,Organic
B6GLN1Z1,2023-10-16,,2023-10-19 19:39:01.494602,Female,43,Google-Ads
WKRXH4GZ,2023-06-15,,2023-10-27 19:39:01.494602,Male,56,Organic
39D6I5OH,2023-03-11,,2023-10-28 19:39:01.494602,Male,69,Google-Ads
ICZ8N2ST,2023-07-23,,2023-10-20 19:39:01.494602,Male,27,Facebook
Y0P2PFYD,2023-08-20,,2023-12-08 19:39:01.494602,Male,72,Google-Ads
VXL0E7Y9,2023-04-06,2023-07-24,2023-07-10 00:00:00.000000,Female,69,Google-Ads
KYVF07J5,2023-08-15,,2023-08-28 00:00:00.000000,Male,41,Organic
V520FE3Q,2023-01-07,,2023-05-20 00:00:00.000000,Male,44,Google-Ads
2O3NE6PH,2023-08-21,,2023-12-02 19:39:01.494602,Female,56,Google-Ads
NGIGYKFK,2023-04-29,,2023-05-19 00:00:00.000000,Male,70,Organic
GDUT1E84,2023-01-07,,2023-01-17 00:00:00.000000,Male,42,Organic
QBUSEYR1,2023-06-21,,2023-09-09 00:00:00.000000,Male,64,Facebook
KXE0KMSA,2023-09-22,,2023-11-04 00:00:00.000000,Female,22,Google-Ads
R4FE7PDF,2023-09-21,,2023-10-03 00:00:00.000000,Male,40,Google-Ads
M3OFURW1,2023-08-05,,2023-11-28 00:00:00.000000,Female,47,Organic
9D8N63VP,2023-06-03,,2023-07-30 00:00:00.000000,Male,32,Facebook
FM05MVB8,2023-06-05,,2023-10-18 19:39:01.494602,Female,66,Google-Ads
C3YY99UQ,2023-01-25,,2023-05-13 00:00:00.000000,Female,70,Organic
H2KJ3AZE,2023-12-10,2023-12-10,2023-12-10 00:00:00.000000,Male,48,Google-Ads
NSIYL8YB,2023-09-08,,2023-11-23 00:00:00.000000,Female,27,Google-Ads
2Y6P5LJ1,2023-09-16,2023-11-24,2023-10-02 00:00:00.000000,Male,29,Google-Ads
9DN7PYX7,2023-09-01,,2023-10-20 00:00:00.000000,Male,18,Google-Ads
BBU1YOIO,2023-07-21,,2023-11-24 19:39:01.494602,Female,21,Google-Ads
T8ZVP88P,2023-09-27,,2023-11-22 19:39:01.494602,Male,35,Facebook
K81495E3,2023-03-26,,2023-09-09 00:00:00.000000,Female,56,Organic
9YOM6GDR,2023-10-12,2023-10-28,2023-10-25 00:00:00.000000,Female,69,Facebook
C0TSUM38,2023-11-04,2023-11-08,2023-11-06 00:00:00.000000,Male,20,Facebook
1SF7ZZE6,2023-05-23,,2023-12-09 00:00:00.000000,Female,60,Google-Ads
EKQWMZEP,2023-06-19,,2023-12-03 19:39:01.494602,Female,32,Google-Ads
QXAQNPOO,2023-11-27,,2023-10-30 19:39:01.494602,Female,52,Organic
4CA3UNQU,2023-05-08,,2023-05-29 00:00:00.000000,Female,27,Google-Ads
ZIFRMXEM,2023-09-06,,2023-11-15 00:00:00.000000,Female,44,Facebook
R647Z49M,2023-02-09,,2023-08-05 00:00:00.000000,Male,57,Organic
LKI4NDE0,2023-02-25,,2023-10-22 19:39:01.494602,Male,32,Organic
IZ55VL9N,2023-09-02,,2023-11-19 19:39:01.494602,Male,26,Google-Ads
